index,Query,Paraphrased
0,"My daughter said we need to get on that Zoom thing so we can see the grandkids more often, but I'm just not sure how that works. Can I just open it up on my computer? Or is there more I need to be doing?","How do I download, install and set up Zoom on my computer?"
1,"I just bought a new printer, and I'm trying to connect it to the computer, but it's not happening. I've checked the cables, they're fine. What could be the problem?",Why is my new printer not connecting to my computer despite the cables being properly attached?
2,"I hear that Google Home Mini is the way to go about remembering appointments and having reminders, but I'm a bit old fashioned and technology puzzles me. Now, I did get one as a gift from my grandkids. They told me to link it with my calendar and it would tell me whenever I have an appointment. Can you guide me on how to set it up? Addressing the elephant in the room, will it snoop in my private conversations?",1. How do I set up and link my Google Home Mini to my calendar for reminders? 2. Does Google Home Mini have privacy concerns related to monitoring private conversations?
4,My emails are coming in slow. I see the spinning circle often. Internet is fine. Rebooted my laptop too. Still no improvement. What's up with that?,Why is my email loading so slowly on my laptop despite having a good internet connection and having restarted the computer?
5,"Every time I try to send an email from my phone, nothing happens. It just sits there in the Outbox. I'm not doing anything different than I usually do.",Why are the emails I attempt to send from my iPhone not being sent and instead remaining in the Outbox?
6,"Hey, my Facebook is not working like before. How do I make it normal?",How can I revert to the previous version or settings of my Facebook application as it is not behaving as expected currently?
7,"My grandkids bought me this newfangled Roku box for watching my shows, but I'm struggling with how to get it all set up. There's a 'Roku activation code' that I'm supposed to enter somewhere, but I don't even know where to start. And, come to think of it, how does this thing connect to the Internet anyway? ","How do I set up a Roku device, including entering an activation code and connecting it to my home's internet connection?"
8,"I've snapped some pictures on this new camera phone, but I'll be darned if I can figure out how to get them off the phone and onto my computer. Can you help?",How do I transfer photos from my Android phone to my Windows computer?
9,I had my grandkids over and they were messing around with my phone. Now all my emails are just gone! Where on earth did they go?,How do I recover missing emails on my Gmail account on an Android phone?
10,"My emails in Gmail aren't refreshing, what on earth is the matter?",How can I fix the issue of my emails not syncing in the Gmail application?
11,"Oh dear, I was writing a letter in Word and now I can't see it anywhere.",How do I recover an unsaved Word document that I was editing?
12,"I've got this new smartphone and somehow I can't seem to get it to show me the names of my callers. It's quite frustrating, dear.",How do I enable caller ID on my new smartphone to see who is calling me?
13,"My grandson sent me a link over my phone via text message, but when I click it, nothing happens. It's really frustrating, can't get my head around it.",Why doesn't the link that was sent to me over SMS open when I click on it from my Android phone?
14,"My daughter showed me how to do it, but I can't remember. You know, the thing that cleans all the extra bits and bobs off the computer. She says it keeps things nice and tidy, but I'm not sure what I'm supposed to press.",How do I run a disk cleanup on my computer to remove unnecessary files and optimize its performance?
15,I wanted to send an email to some people but it seems my mail thingy is ready to explode. There are too many emails piled up.,How can I manage my inbox and delete multiple emails at once to make space for new ones?
16,"My son mentioned that my computer might be running slow due to this one thing he calls 'malware'. Something to do with viruses, sounds awful. He says there’s a way to check if it's there, and even remove it, but it's all Greek to me. I'm not sure if you could guide me through, do I have to uninstall something?",How do I scan my computer for malware and remove it if found?
17,"I have this thing called Dropbox that my sons told me to use for pictures. But the other day, I deleted some pictures from my phone thinking they were safely backed up on this Dropbox thingy. But now, I can't find them there. Can you tell me how I can get them back or it is too late now?",How can I recover pictures that were deleted from my phone and were supposed to be backed up on Dropbox?
18,"I’ve been really struggling with these blasted computers lately, let me tell ya. My granddaughter set up this new Facebook thing on my laptop so I could see pictures of the grandkids, but every swirlin' time I try to log in, it tells me that it's sending some kind of security check to my phone. Now I've got a phone, but it's one of those flip ones and I don’t get these text things. I've been locked out of my Facebook for a week now. Any ideas on how to get back in without that text?",How can I bypass or change the two-factor authentication on my Facebook account if I can't receive text messages on my flip phone?
20,I have this Google thingy in my phone which keeps bringing out random pop ups. How do I stop those?,How do I disable Google notifications on my Android phone?
21,"My brand new camera isn’t working. I installed it, but it's showing offline. Am I doing something wrong?",What could be the reasons for my newly installed security camera showing as offline and how can I fix it?
22,"My grandkids have me on this thing called Skype, over the internet, so we can talk and see each other when we're far away. I've enjoyed it and all, but this one time, the sound was quiet as a mouse; I could barely hear them, though they said they could hear me just fine. I fiddled around with the volume and it's not that. I'm not too good with these gadgets, but I don't want to look a fool next time we chat. Can you help me figure this out?",How do I troubleshoot the issue of low sound on Skype when the system volume is set correctly?
23,"Hey, my Facebook account suddenly stopped showing the news updates. What happened?","Why am I not receiving news updates on my Facebook account, and how can I fix it?"
24,I'm having trouble sending this email with a picture attached. It just won't go through.,How can I troubleshoot email send failure when trying to attach a photo on my email?
25,"The kindle, it seems the battery keeps draining too quickly. It lasts only a couple of hours and it's plunging down from there. Is there something wrong with it?",Why does the battery on my Kindle only last a couple of hours and how can I fix it?
26,"When I have a conversation with my son over Skype and we've been talking for quite a while, that caps lock light on my laptop just blinks. Still, the conversation continues without any interruptions. But sometimes, my son says my voice is low and he can't hear me properly. I'm worried if this blinking caps lock is interfering with our chats. How can I stop it from blinking?",How do I fix the issue of my caps lock indicator light blinking during Skype calls on my laptop and improve the quality of sound transmission?
27,"I have a hard time figuring out how to download books on my Kindle thing. I click, but nothing happens... Maybe I'm not doing it right?",Why can't I download books on my Kindle device even though I'm clicking the download button correctly?
28,"I have become a bit forgetful lately and sometimes can't remember my password to access my emails. This usually happens when I'm not at home. I think it's something to do with this two-step verification thing, but it's all jargon to me. It's  like having a second lock on a door but you don't know where they've put the key.","How can I recover, reset, or bypass my forgotten password when I'm not at home because of the two-step verification process on my email account?"
29,"I'm getting so many emails now, honey. It's all from this 'promo' folder in my Gmail. It seems like blocking or unsubscribing just doesn't matter anymore. What can I do?",How can I stop receiving promotional emails in my Gmail account despite having blocked or unsubscribed from senders?
30,"I've taken a couple of pictures with my new mobile device, but can't seem to locate them. Was sure that I clicked 'Save' after each picture.",How do I find and access the photos I've taken with my new Android phone?
31,"Hey there, I was trying to send an email but it's not going. I don't know what's happening.",How can I troubleshoot email sending issues in my email provider's service?
32,"I tell you it has been very frustrating trying to get this blasted screen to stop flickering. I have tried what my son suggested and turned the thing on and off again, but it didn't seem to make any difference. It's mostly just started happening since I did that update thingy last week. You wouldn't happen to know what I can do to fix this screen, would you?","What could be the potential cause of my screen flickering post a software update, and what are the possible solutions to resolve this issue?"
33,"I'm trying to make a video call using my'new' Skype, but it just won't work. I've never had this problem with the old version!",How can I resolve issues I'm facing with making video calls on the updated version of Skype that didn't previously exist in the older version?
34,"My grandkids showed me how to send messages on this WhatsApp, but now, I can't find where to type in. Can you help?",How can I find the text input field to send a message in WhatsApp?
35,"My photos have all vanished on my iPhone, and it's quite a shock. I didn't do anything, I swear. I just woke up and they're all gone. Any ideas?",Why have all the photos on my iPhone disappeared suddenly and how can I recover them?
36,I got a new email address and I want to change my Facebook login. Can't seem to find where to do it.,How can I change my Facebook account's login email to a new one?
37,"I just got this new big flat screen TV and wanted to watch my favorite Netflix show. Back in the day, we had to log in using the computer, but now my grandson tells me I can do it straight from the TV. Not really sure where the password goes, or how to get Netflix there in the first place.",How to install and log into the Netflix app on a smart TV?
38,"Hey, I want to see my grandson’s photos on Facebook, but it's asking for some kind of sign in or something.",How can I log into Facebook to view my grandson's photos when it's prompting me for authentication details?
40,"I used to just push the button and Skype would start calling my grandkids, now it doesn't. Help me out.",How can I troubleshoot Skype not automatically calling a specific contact as expected?
41,"I can't get my email to send, it just sits in the outbox!",How to resolve the issue of emails not sending and remaining in the outbox on my email client?
42,"Can't figure out how to turn up ringer volume on my phone. It's too quiet and I miss calls. I did try changing settings, you know.",How do I increase the ringer volume on my Android phone to ensure I don't miss any calls?
43,"My email's not showing anything new. I clicked on refresh many a times, but it still only shows the old stuff. WiFi is working just fine. Can you tell me what's happening?",Why am I unable to receive new emails on my device despite having a working internet connection and manually refreshing my inbox?
44,I tried to write to my grandson on Facepage but it won't let me type.,How can I troubleshoot a problem on Facebook where it won't let me type a message?
46,"My grandkids introduced me to this game called Roblox, now, I don't play it myself but I do enjoy buying them some digital currency thingy for the game. Normally I give my son the money and he does it, but he's too busy these days. So I figured perhaps I should do it myself from my account. The last time I was logged into this game, there was a gift card tab where I could do this, but now it's gone. Uncertain what's going on, would appreciate your help.","How can I purchase Robux, the digital currency for Roblox, from my account?"
47,"My grandson explained me how to participate in video calls with everyone using this Zoom app during this isolation period. But somehow, each time I try to join a meeting, it's saying something about the audio is not connected. Do I need to buy some new speakers or something?",How do I fix the issue of audio not connecting during Zoom meetings?
48,"Listen, dear, I've been trying to use this Alexa thing my grandkids got me. You know, you talk to it and it's supposed to do things. Anyway, I've asked it to play some good old country music but it keeps playing stuff I don't even recognize. Happened twice already. Is there any way to make it play the songs I like or do I need to speak to it differently?",How do I configure Amazon Alexa to play certain country music songs that I request or is it a matter of changing the way I give voice commands to it?
49,"So my granddaughter showed me those YouTube videos on my TV with that Roku thing. Now, I can't turn the TV on and just watch the news. I have to go through Roku every time and it's such a task. Would much rather prefer to turn on my TV like I used to, the old-fashioned way, you know. How do I get it back to the way it was?",How can I revert my TV settings to directly watch cable without using Roku?
50,"I really don't understand what's happened to my Facebook, dear. I wanted to put on some new snaps from our trip, but they're all turned sideways for some reason. My son tried to fix them on my computer, but I usually upload photos using my phone. Seems like it's something simple but I can't figure it out, can you help?",How do I rotate and save pictures in the correct orientation before uploading them to Facebook from my phone?
51,"Every now and then, I'll be scrolling through Google to read some news and catch up on the world, then all of a sudden my screen will get all jittery and pop up ads will show, slowing down my whole computer. My grandson said something about needing an ad blocker, or was it a pop-up stopper? Anyway, I sure could use a hand since I don't really know where or how to get one.",How to install and enable an ad blocker on my browser to prevent pop-up ads from appearing and slowing down my computer?
52,"I have these buttons on my remote that say 'smart tv' and 'source'. I don't really know what they do, though. Can you explain?",What are the functions of the 'Smart TV' and 'Source' buttons on my remote control?
53,"Oh dear, all these buttons on this Facebook thing, I just want to talk to my granddaughter, can you help?",How do I use Facebook to initiate a video chat with my granddaughter?
54,"Oops. My Skype seems off, it doesn’t let me video chat with my grandson.",How to troubleshoot the issue of Skype not able to make a video call?
55,"I have got a new printer, you know, the wireless kind? Trouble is, I can't quite figure out how to get it to talk to my computer. They both have the internet and all, but they just aren't cooperating. Could use a hand setting up this wireless printer, if you can spare a moment.",How do I connect my new wireless printer to my computer over the internet?
56,"I don't know how this is happening, but I can't seem to see any of my new emails. The last one showing is from two days ago.","How can I fix my email on my computer or phone to show all the most recent messages, when the last email visible is two days old?"
57,My pictures and messages vanish from Whatsapp every few days. Is there some ghost in my phone?,"Why does data like photos and texts disappear from my WhatsApp app periodically, and how can I prevent it?"
59,I'm trying to use this TikTok thing my grandson installed for me but I can't see any of the videos. It keeps saying I have no internet. But my emails are opening fine.,Why is TikTok showing a 'no internet' error on my iPhone when all other apps are working correctly with my existing internet connection?
60,"Hey, granddaughter told me to use Telegram app, where I can send a voice message. I am confused.",How to use the Telegram app to send a voice message?
61,I can't remember the password for my email on the computer. I think I wrote it down but I can't find it now. Can you help me recover the email password?,How can I recover or reset the password for my email account on a desktop computer?
62,"Just recently, my son got me a fancy tablet computer. I've been trying to get onto the world wide web but every time I try to go to my favorite website, it says, 'Site cannot be reached'. I've checked and double checked that the Wifi is connected. What's interesting is that I can visit other websites but not this particular one. I've even tried restarting this thing but with no luck. It's a very frustrating situation. Any suggestion to help an old man out? ",Why am I unable to access a specific website on my tablet despite being connected to WiFi and having access to other websites? How can I troubleshoot it?
63,"My printer tells me it is out of ink, but I already changed it. It’s still not printing. What can it be?",Why is my printer not operating despite replacing the ink cartridge?
64,"So, my daughter emailed me some pictures and I've been trying to save them. No idea how to do it on this tablet of mine. Technology nowadays, huh?",What steps should I follow to download and save images from an email on my Android tablet?
65,"I've recently bought myself a shiny new tablet and I heard there's a way to read books on this thing, like a kind of digital library. But I don't really know how to get started. Is there some sort of shop to buy these digital books or are they floating all over the internet? Not the pirated ones mind you, I'm more than willing to pay for good content. Can you guide me how to get a good book on my new tablet?",How can I purchase and download legitimate ebooks for my new tablet?
66,"Just got myself one of those smart TVs, the one with the built-in Netflix and all. Worked just fine the first week. Now, you switch it on, it shows ‘no signal’ on the screen. Funny thing is, the DVD player seems to be working alright. Tried unplugging and plugging it back in, nada. Got any idea what's causing this?","Why is my smart TV displaying 'no signal' and how can I resolve this issue, considering that my DVD player connected to the same TV is functioning properly?"
67,"Well, my son sent up a virtual meeting for the book group, it's on something called 'Zoom'. He did it for me last time, but he's not around this month. I know I need to use that link he sent in the email but when I clicked it, it asked me to download something and I didn't want to clutter my computer. Plus, I'm worried about hackers and that sort of thing. Can you walk me through this 'Zoom' thing and how not to get scammed?",How do I safely join a Zoom meeting from an email invitation link without downloading unwanted software or risking potential cyber threats?
68,"I was trying to get the family photos from the holidays onto one of those drive things and gave up. Patricia tried too, but she's not too sure what's going on. Just keeps asking to format it or install something. Not sure what I should be doing, can you shed some light?","How do I troubleshoot the issue of a USB flash drive asking me to format it or install software, when trying to save photos onto it?"
69,"I'm having trouble with my email password. I keep entering what I think it is, but maybe I'm forgetting it? Or maybe it's gotten lost in the computer... Is there a way to recover it or something?",How can I reset or recover my forgotten email password?
70,"I'm trying to print something, but the printer just won't respond. I keep clicking the print button but nothing happens. I think it's one of those wireless printers.",Why doesn't my wireless printer respond when I try to print a document from my computer?
71,"My grandson was telling me to install some sort of WhatsApp. I looked it up in the app store thing and installed it, but now I can't find it on my phone. Where did it go?",How can I locate and access the WhatsApp application after installing it from the Play Store on an Android phone?
72,"I'm trying to send a picture of my garden to my son. I took it with my Google phone, but when I try to attach it to an email, the picture just doesn't show up! What's this trickery?",How do I attach a photo to an email using Gmail on my Google Pixel smartphone?
73,"Had my niece’s husband over last week-end. He tried to help me with my TV. I didn’t ask for assistance, mind you, but he thought he was doing me a favor. So, he goes and messes with the settings. Now the picture looks too bright and washed out. Makes it hard to watch my shows. Not enough, he also changed some buttons, it was a long remote with many buttons, not sure what they're for, probably doesn't matter... anyway. How do I bring back the color to normal?","How do I correct the overly bright picture settings on my TV, and potentially reset the remote control settings?"
74,"I'm trying to send an email, but it's stuck in the outbox. What's going on?",How can I troubleshoot a problem where an email is not sending and remains in the outbox in my email client?
75,"So my grandson was over the other day and showed me this thing called Spotify. He added it to my phone and I quite like it. But, you know, when I go out for my walks I don't want to use all my data. He mentioned something about downloading the music, but I'm not sure how to do that. Can you tell me how?",How to download music from Spotify to my phone for offline listening in order to conserve cellular data usage?
76,"I was trying to look into my saved favorite recipes on that YouTube thing, but it's like they've all vanished or something. I don't know what's going wrong.","What could be the reasons why all my saved favorite videos on YouTube are not appearing, and how can I retrieve them?"
77,"My grandkids gifted me an Echo Dot and a bunch of smart lights. Everything is supposed to work together, but all I've managed is getting the lights to switch on and off by hand. They tell me I can just talk to Alexa to control the lights but I have not a clue on how to do such a thing. Would you be kind enough to show me how?",How do I set up and control my smart lights using Amazon's Echo Dot through voice commands?
78,"I got this new phone, a Samsung. Now my granddaughter made me this Facebook account so I could see her graduation photos but I’m having the hardest time remembering how to get there. I need to find them quickly and it’s like a maze in this thing. You know how it can be...  Now where in this gadget is Facebook again?",How do I find and access the Facebook app on my new Samsung phone?
79,"Hey there, I was trying to message my daughter on that Facebook thing but it's not working. Can you help?",How can I troubleshoot problems with sending messages in Facebook Messenger?
80,I can't seem to figure out how to print this email. I clicked everywhere. Also my printer is on and has enough paper.,How can I print an email from my Gmail account using a currently functioning printer?
81,"Hey, I took some photos with this new phone, but now I can't find them at all.",How can I locate the photos I've recently taken on my new phone from the Photos app?
82,"I've been trying to send an email, but the thing just won't go. What am I doing wrong?",What can be the potential reasons for my inability to send emails using the mail application and how can I resolve it?
84,I tried to send an email to my grandson but I'm getting a message saying 'Can't connect to email server.' What's this all about?,What does the 'Can't connect to email server' error mean when trying to send an email on Outlook?
85,"I keep getting these unwanted, disrespectful emails from people I don't know. It's a complete nuisance, really. My grandson showed me once how to stop them from coming into my inbox. He used a word I can't remember... something with 'filter'. Can you walk me through that process again?",How do I set up a spam filter in my email?
86,"My grandson usually updates my iPad, but he's gone off to college and I can't bother him. I guess they've done some new update or something, because now my photos and videos are in separate spots. And the ones I had grouped together in albums are all spread out again! I just can't get a hang of it. Can't they just let old dogs lie without changing things up every year?","How can I manage my photos and videos in the new iPad update? Specifically, how do I group them into albums?"
87,"I got an iPad as a gift from my grandson and he installed Netflix on it for me. Now, whenever I try to watch something, it's too quiet even when I've turned the volume all the way up. I don't understand what's happening. Could you help me figure out how to make it louder?",How can I increase the volume in the Netflix app on an iPad when the existing volume is already set to its maximum?
88,"I heard about saving things in the cloud, but don't know how to get my pics there. This old computer is not doing great, I'm afraid. I don't want to lose my photos.",How can I upload and save my photos to cloud storage from my existing old computer?
89,"I've been told that I should be keeping my documents in the cloud... you know.. like Dropbox, Google Drive or something like that, but I'm worried about it. I've important stuff – pictures of my grand kids, a few documents. I don't want to lose them, you see. So, how does that work? How can I put my files there and make sure I won't lose anything?",1. How to upload files to cloud storage services like Dropbox or Google Drive? 2. How to ensure the safety of my files while using cloud storage services?
90,I've been trying to get my email on my new cell phone. It doesn't want to open and keeps asking me for a password I can't remember.,How do I recover or reset a forgotten password for my email account on my new mobile device?
91,"I was trying to print my granddaughter's photo, but my printer just keeps spitting out blank pages. I put in new cartridges, not sure what else to do.",What can I do to resolve an issue on my printer that's printing blank pages even after changing the ink cartridges?
92,I can't seem to figure out how to get to my emails. I have this Gmail account but it's all sort of confusing to me.,How do I access my Gmail account to view my emails?
93,"I think my grandkids put this thing on my phone, it keeps showing me where I am all the time. It's making my battery run out. Can I turn it off?",How do I disable location services on my Android phone to improve battery life?
94,"Okay, so here's the issue - it's about those looked-for vacation pictures on my laptop. See, my grandkids sent me a whole bunch of them, lovely emails all of them. The pictures that is, in the emails. Somehow I saved them on my computer, you know, those days when I was figuring out all this tech business. Now, I can't seem to find them anywhere. I clicked on the little file thingy, tried looking in all the folders, no luck. Is it possible they got lost or something? How do I go about finding them?",How can I locate the pictures that I previously saved from emails on my laptop? Do I need to follow specific steps to recover them if they're missing?
95,"My children told me I needed to have my software updated on my iPad because it’s going to have better features? I suppose they know better. Anyway, can you tell me how I go about doing this software stuff, without causing a muddle? And if it’s worth my time at all.",How can I update the software on my iPad and what are the benefits of doing so?
96,I got an app for pictures. It's called Instagram... something like that. Don't know how to use it. Can I share my photos with my friends?,How do I share photos with my friends on Instagram?
97,"I'm trying to send an email, but this Gmail is so confusing! And, where'd my contacts go? I can't find them anywhere!",How can I navigate Gmail to send an email and locate my contact list?
98,"I've been having a rough time trying to put my photos into those album things. I want them tidy, not scattered about willy-nilly! I keep poking and prodding at the computer, but nothing seems to do what I want. Do you think you could lend a hand with that?",How can I organize and manage my photos into albums on my computer?
99,"A few days back, my grandkids visited and my granddaughter showed me a cute cat video on YouTube. Now I keep getting these video suggestions from YouTube but I don't know how to stop that. I just want it to stop suggesting videos and let me choose what to watch! Can you help me figure this out?",How do I disable YouTube's video recommendations so I can manually search for and select the videos I want to watch?
100,"My computer thingy won’t print. The letters come out all funny and misshapen. I tried new ink, nothing. Maybe it's not talking to the computer properly. What do you reckon?","Why is my printer not printing clearly, and how can I troubleshoot communication issues between my computer and printer?"
101,"I'm not too sure how to make my pictures save into the thing called 'iCloud'. Last week my grandson tried to show me how, but I don't remember what he did. Do you have any ideas how I can do this? I also want them to be on my computer but don't know how to do that. I want to save space on my phone. Do I need the internet for this? I usually turn it off at home to save some pennies.",How can I back up my photos to iCloud from my iPhone to save storage space? How can I access these photos from my computer? Do I need an internet connection to use iCloud?
102,"I've just got this email, and it says something about someone trying to break into my account. Is that something they can really do?",What should I do if I receive a suspicious email warning me about unauthorized access attempts to my account?
103,"You know, I was just talking to my granddaughter and she was showing me something which I really liked. She was doing some sort of a fun face thing on her tablet, it was one of those Apple iPads. And I said to her, 'How can I do this on my own?'. Well, she didn't really have an answer for me, bless her heart. She doesn't know much about my old Android device. So, I've been pondering a bit, and now I'm asking you. Can my old Android tablet get those fun face things?",How can I access and use augmented reality and face filters on my Android tablet similar to the ones available on an iPad?
104,"I recently got this new tablet my son got me last Christmas, I can't quite figure out how to open the email thing on it. It keeps telling me something about Gmail not being synced, really don't know what that means. And also, how do I find Facebook on this thing as well?",How to sync Gmail account on a tablet and install the Facebook application on it?
105,"Uh oh, I can't seem to open my grandson's photos you know, sent via email. Can you help me figure this out?",How can I view the photos sent to me as email attachments?
106,"When I click on my email icon, nothing happens. I haven't received any new emails for two days. Something seems off.",Why am I unable to access my email account through the mail application on my laptop despite being connected to the internet?
107,My phone keeps telling me my storage is full. I don't even have that many photos or apps. I don't know what to do.,What steps can I take to resolve the 'storage full' issue on my iPhone when it does not seem to correlate with the number of apps or photos stored on the device?
108,"I've been hearing a lot about this Cloud thingy nowadays and that I should back up my things there. But I'm a bit hesitant about this because I don't know if it's safe or not. Besides, I have literally no clue of how I could go about doing that. Would you be able to give me a hand with this?","What is the function of Cloud storage, is it secure to use, and how can I backup my data to it?"
109,I'm really not sure how to move my photos from this camera onto my computer. The camera came with a cable but I'm not sure what to do with it.,How can I transfer photos from my digital camera to my PC using the provided USB cable?
110,"You know, my granddaughter sent me this funny cat video through a SMS or a text message, whatever you call it, on my Samsung phone. Now, I want to share that video with her brother, but I'm not sure how. Can you help me out, dear?",How do I forward a video text message on my Samsung phone?
111,I tried clicking on the Start button but nothing happens. It's like it's frozen or something. Any idea how do I get this dang thing working again?,How can I troubleshoot a non-responsive Start button on Windows 10?
112,I keep seeing this 'low on storage' thingy on my computer. Not sure how to handle it. Need my grandson's tips but he's busy. Any tips?,How do I address the issue of my computer constantly notifying me about low storage capacity?
113,"You know, I've been trying to send an email from my Gmail, but it keeps telling me the email failed to send.",How to troubleshoot when Gmail fails to send an email?
114,"I've been trying to get that new video chatting thing, Zoom, to work for me, but it just isn't playing nice. Sonny says I need more 'lighting' but I don't know what he means. All my lamps are on and I even try sitting by the window during the day. But everyone keeps telling me they can't see me well. What kinda lights do I need?",What type of lighting setup do I need for better visibility during Zoom video calls?
115,"I've been trying to send emails on my laptop, but it's not going. Even my son tried, but no luck. What's happening?",Why am I unable to send emails using my laptop despite following the standard procedure?
117,"I'm trying to send my grandson an email with some photos but I can't figure out how to attach the pictures. Every time I try, it just doesn't work.",How do I attach photos to an email using Gmail on my laptop?
118,"I've been having this issue with my eBook reader. I was reading a book perfectly fine yesterday, but now it won't even open up. Plus, nowadays, I forget how to add new books to my collection. I also want to read newspapers, but got no idea how to subscribe. Can you show me the right way?",1. How to troubleshoot an eBook that won't open on my reader? 2. How to add new books on the eBook reader? 3. How to subscribe to newspapers on eBook reader?
119,"I took a bunch of photos with my phone, but I can't find them. Where did they go?",How can I locate the photos that I have taken on my smartphone which are not showing up in my gallery?
120,"I tried writing an email to my grandson but on hitting send, it came back to me. Why?","Why is my email being returned to me immediately after I attempt to send it to my grandson, and how can I fix this issue?"
121,"My grandson just turned me on to this WhatsApp messenger thingy. It’s going good, but I only see one tick sign next to my messages to my friend, even though he says he’s getting them. I remember my grandson mentioning something about the ticks but slipped my mind. Am I doing something wrong?","What does the single tick mark next to my messages in WhatsApp mean, despite the recipient confirming they received the messages?"
122,"Last week, my daughter, Lisa, stopped by and tried to help me with that word processor thing, Microsoft Office Word it was, I think. Now, every time I want to write a letter, I have to open this new document and it's so small, can't read a thing. I want to know why it’s so tiny and can I possibly get it back to the size it was before Lisa tinkered with it, without calling her again?",How can I adjust the default font size in Microsoft Office Word after it was changed to a smaller size?
123,"Oh dear, I was trying to send an email but it seems stuck in the outbox.",How do I troubleshoot an email that's not sending because it's stuck in the MS Outlook Outbox?
124,"You know, my grandson installed that Netflix thing on my TV. He said I just need to press this one button on this remote thing to get it to work but here I am pressing it and nothing is happening! I just want to watch my old-time shows! Can you help me get my shows on, dear?",How can I troubleshoot the Netflix app that's not responding to the selected button on my smart TV remote?
125,"I managed to set up an account for this Zoom thing for my granddaughter's online classes, but I can't for the life of me figure out how to join the meetings. It's all so complicated.",How do I join a Zoom meeting after creating an account?
126,"I can't seem to make a video call on this newfangled Skype, I click on the faces but nothing rings. What am I doing wrong?",How do I initiate a video call using Skype on my Windows laptop?
127,"I used to use this fun app on Facebook that would play music but it seems to have disappeared. Not sure what to do, maybe I messed it up?",How do I retrieve a missing music application that I previously used on Facebook?
128,"My grandson's frequently talking about this face recognition thingy on his phone. Something to do with unlocking his device. I have the same phone but I just use a pin number. Suppose, I could use that feature too if I knew where to start. Could use a little guidance on this.",How do I set up facial recognition for unlocking my phone?
129,"I tried to download the photos off my phone, but it just doesn't seem to work. They are not showing on my computer at all.",How do I successfully transfer photos from my mobile device to my computer if they are not appearing after the transfer process?
131,"My email just stopped coming through on my desktop device, it was fine earlier. Also tried rebooting but nothing changed.","Why did I suddenly stop receiving emails on my PC even though everything seemed fine earlier, and the problem persisted after a restart?"
133,My grandson sent an emoji I don't recognize on that WhatsApp thing. Looks like a smiley face but with hearts for eyes. What does that mean?,What is the meaning of the 'Face with Heart-Eyes' emoji on WhatsApp?
134,"The email account on my laptop, it just stopped receiving new mails all of a sudden. I have tried everything, from restarting my computer to logging out and in again, but it’s not working",Why has my email client on my desktop computer suddenly stopped getting new incoming mail even after restarting the computer and logging back into the email client?
135,"I'm trying to snap a picture, but it always comes out blurry. Don't know what's wrong.",How can I improve the focus on my camera to prevent the photos from coming out blurry?
136,"Hey, I pressed the phone icon but it doesn’t dial any number!",How to make a call using the phone app when pressing the phone icon does not dial out?
137,So my grandchildren bought me a Kindle for my birthday and I enjoy reading a lot. It's all good but sometimes while reading at night the brightness seems too much for my eyes. One of them recommended that I use a 'night mode' or something but I’m not quite sure how to activate that. Do you have any knowledge about this?,How do I enable 'Night Mode' on my Kindle to reduce brightness for comfortable reading in the dark?
138,"I get so mixed up with these gadgets. My granddaughter sent me a picture of her new puppy on my phone, and I want to print it out to show my friends at church. I can't figure out how to make my phone send it to my printer though. Do I need wires or something? The printer and phone are from the same company apple. I used to print directly from my old phone but this new one I just can't seem to make it work.",How can I print a photo from my iPhone directly to my Apple Airprint-enabled printer?
139,"Oh dear, I was trying to send an email from my computer but then it just vanished. All that typing for nothing!",How can I recover a draft email that disappeared in the middle of composing it on my computer?
141,"I can't seem to carry out searches on my Kindle. The search results page is just blank. The WiFi signal's okay. I've tried resetting it, didn't work though.",Why isn't the search function on my Kindle device showing any results despite being connected to WiFi and performing a reset?
142,"I've been using this Facebook thing to keep in touch with my old friends. But lately, I'm getting these pop-ups on my page about upgrades and features which I don't understand. My nephew said something about going to settings and checking for update. But I am not sure where it is or what to do. I would appreciate some help.",How do I navigate to the settings section of my Facebook account and check for upgrades or updates?
143,"I get these odd pop-ups on my computer lately, saying my computer's speed is impacted by certain viruses or there's unsafe programs. It's been freaking me out, son. I don't want any of my personal info getting out there. Do you know what, how can I get rid of whatever it is that's causing these pop-ups? I can barely check my emails without being interrupted.",How do I remove potential malware or viruses from my PC that's causing disruptive pop-ups?
144,I want to send pictures to my grandson but my Gmail is just not doing it.,How can I successfully send images through email using Gmail?
145,"I keep trying to open emails but it doesn't seem to work, just nothing... it stares back at me... Is there something I can do?","Why am I unable to open and view my emails on my computer, and what are the troubleshooting steps I can follow?"
146,My son told me that we can do a video call but I have no idea. How to do that with this Skype thing?,How can I initiate a video call using Skype on my computer?
147,"I've been trying to connect to that zoom thing, you know, for the church meeting. But it's been quite a headache. I finally got the app on my computer, but now it's asking for a password or something. I just don't quite understand why or how to get that. Can you help explain?",How do I join a Zoom meeting and where do I find the password for the meeting?
148,"My grandkids persuaded me to buy a Smart TV. They said it will make watching my old classic movies easier. But, I can't quite understand these widgets that it keeps asking me to update. Also, it is asking for an Apple ID, but I always used my Gmail. I don't even have an Apple account! Could you provide some guidance?","1. How do I update widgets on my Smart TV? 2. Do I need to create and use an Apple ID for my Smart TV, even though I only have a Gmail account?"
149,"I’ve got this new iPad, and the grandkids installed this, I believe it’s called ‘FaceTime’ - reminds me of that Jetsons cartoon, ha! Anyway, each time we try to do a chat, but it’s not working well, it’s kind of choppy and keeps breaking up and all. It's the same if I'm in the kitchen or the living room. Now I’m sure it’s not my internet because my grandson Jerry can play his video games just fine. Could you tell me what's the problem, dear?","Why is the video quality poor and the connection unstable during FaceTime calls on my iPad, and how can I improve it despite having a good internet connectivity?"
150,"My grandkids have been watching this site called YouTube on my old computer. Probably, they have saved hundreds of videos and things seem to be slowing. Shud we do something called clear out the history or something? Surely the junk files or whatever people call them. But the issue is, I ain't tech savvy enough to do those. Can you pitch in?",1. How to clear the browsing history on YouTube? 2. How to delete cookies and cache on a computer to improve its performance?
151,"My grandson showed me how to save pictures on my phone but sometimes the photo is not in my phone's gallery. I am sure that I followed his instructions, but it's just not working.",Why are some photos not appearing in the photo gallery on my Android phone even after I download them?
152,"My grandkid set up my Facebook and I like it. Now, I can't seem to find where to put things on my own wall or timeline. Can you help a bit?",How do I post content on my Facebook timeline using a desktop computer?
153,"I just can't seem to get any sound out of my computer. I've already tried hitting the volume button on my keyboard, you know but no music plays. My speakers are plugged in, so I really don't know...",Why is there no sound coming from my computer even though I've adjusted the volume and my speakers are connected?
154,I’m trying to get this Google Assistant thingy to work on my phone but it's not. Is there a trick to it?,How do I properly set up and use Google Assistant on my Android phone?
155,"I'm having trouble finding my way around Facebook, I have no idea how to see my own posts.",How do I view my own posts on my Facebook profile?
156,My grandson sent me an instant message and told me to install Skype so we can see each other while talking. I clicked a bunch of things but now I can't seem to find it. I think I may have done something wrong. Could you give me a hand with this?,How can I install and set up Skype on my computer?
157,"You know my new digital box thingy? The one I got for the television? I was working with it fine 'til last week. But now, it doesn't show anything anymore, just this 'error' thing keeps popping up saying something like 'No signal'. Tried to jiggle the wires and everything, nothing still. Wonder if it got to do with the cable... How do I get my shows back up again?","Why does my new digital cable box keep showing me a 'No signal' error message, and how do I get it to connect and display my television shows correctly?"
158,"I tried sending an email with a photo on my computer, but it wasn’t working. Said something about the file size being too big. What should I do?",How can I send a large photo file via email from my computer?
159,"I wanted to send Jimmy some nice pictures I took, but I can't figure out how to email them from this little Google Photos thing. What's a girl to do?",How do I send pictures from Google Photos via email from an Android device?
160,"I was trying to see photos of my grandkids on my Facebook, you see. But it's like they vanished! Where did they go?",How do I retrieve missing photos from my Facebook account on my computer?
161,I was trying to send my grandson a picture but it just disappears. He's not getting them.,What should I do when the photos I am sending via text message on my smartphone are not being received by the recipient?
162,"Uh, I was trying to text my grandson on WhatsApp but this darn thing keeps beeping and showing a clock!",How to solve the issue of seeing a ticking clock symbol and hearing a beep sound while trying to send a message on WhatsApp?
163,"I can't seem to get my emails, they're not popping up on my laptop screen. Is there something wrong with the servers or something? I’m not sure, but it's really frustrating!",Why am I not receiving emails on my laptop? Is it an issue with the email server or with my email client settings?
164,"I'm trying to send an email to many friends, but I can only add one email address at a time. There must be a quicker way?",How do I send an email to multiple recipients at once using my email system?
165,"Uh, my emails are not loading on my gmail page. I don't know what to do.",How can I troubleshoot issues with Gmail not loading emails on my computer?
166,"Last month I was given a smart TV as a gift from my son. I've heard about this thing called Netflix where I can watch interesting shows, but I’m not sure how all this works. Also I’m hearing a lot about something called a streaming device. Do I need it to access Netflix or not? I’m just a bit overwhelmed with all this new technology. Any help would be appreciated.","How do I setup and access Netflix on my new Smart TV? Also, is a separate streaming device necessary for this purpose?"
167,"I've been trying and trying to save the photos my grandkids sent me on that WhatsApp thingy, but they just disappear after I close the chat. What am I doing wrong?",How do I download and save photos from my WhatsApp conversations on my phone so they don't disappear when I close the chat?
168,"Hey, I clicked on the Facebook app but there are too many buttons and I just want to see posts from my family.",How can I adjust my Facebook app settings to primarily view posts from my family members?
169,"My grandkids installed this streaming thing onto my TV, Netflix I think it's called? Anyway, my problem is, each time I try to watch my favorite gardening show, it's moving all blurred and jumpy. It's outright eye-straining, to be honest. Is there a way to make that smoother or do I pack this Netflix idea in?",How can I improve the video quality on Netflix to stop it from being blurry and lagging?
170,"I've been using my new phone, the one my daughter gave me - an iPhone I think it's called. Now, there are moments when I type a message to my friend and suddenly everything just freezes. I can't type, I can't go back, nothing. It's like the phone has a mind of its own, you know? Even when I try to turn it off and back on, it just goes back to the same frozen screen. Do you happen to know what's going on and how I can fix it?","Why does my iPhone freeze while typing a message and refuse to respond to any inputs, including attempts to restart it? How can I troubleshoot this issue?"
171,"Oh dear, I was trying to send an email and I accidentally erased it instead. Don't know where it went now.",How can I recover a deleted email in Gmail?
172,"My emails aren't coming through on my new phone, you know. It was all fine on the old one. I've done everything I know, signed in and everything. Still nothing!",Why am I not receiving emails on my new phone despite being signed into my email account?
173,I was trying to send a photo to my grandson through email but it took too long and then it just failed. I checked my internet and its working good. Can you help with that?,Why is an attempt to send a photo via email unsuccessfully despite having a steady internet connection?
174,"I got this new Roku device a week ago to watch Netflix, Hulu and all of that. But I'm hitting a wall when trying to get it to work on my TV. I did what my son said, to plug in this thing into the back of my television but every channel is static. I'm also not sure about how to get my favorite channels on there, could you pitch in your two cents?",How do I setup my new Roku device on my TV and add my favorite streaming channels like Netflix and Hulu?
175,"I usually use my computer for emailing and reading online news, but lately it's been so sluggish. The wheel just keeps spinning and it takes forever to go from one page to the next. I think my grandson installed a new program, he wanted me to try out some photo editing stuff, but it's been a headache ever since. Now my computer is slower than a turtle in molasses. How do I get back to normal? Stop this spinning wheel thingy.",How can I resolve the slow performance issue on my computer possibly caused by a recently installed photo editing program?
176,I was trying to make a Skype call to my daughter and now I'm in some sort of setting page... Can you help?,How do I navigate from the settings page to the call function on Skype?
177,"I recently started using this Netflix thing to watch shows, but I don't get how the television knows which episode I'm on. What's more confusing is when I try it on my iPad it seems to pick up where I left as well! It's a sort of magic I can't comprehend. How does it keep track of that?","How does Netflix remember where I left off in a series, and sync that information across different devices such as my TV and iPad?"
178,My laptop's been acting a bit weird lately. It keeps shutting down all on its own. I'm worried it might have caught a bug or something. How do I check?,How can I scan my laptop for potential viruses or malware causing repeated unexpected shutdowns?
179,"I just recently downloaded this new book on my Kindle, but I can't seem to be able to find it anywhere. Last time I remember, the book cover would just pop up on my home screen. I'm thinking if I might have set something wrong or missed an important step in the download process. Can you tell me how to find it?",How do I locate a recently downloaded book on my Kindle device?
180,"My email messages just seem to vanish in thin air! I read them one day and the next day, they're no longer in my inbox. Does this computer eat my emails or what?",Why are my read emails disappearing from the inbox on my computer's email client?
181,"I got this flashy doodah, I think it's a smart watch? Given by my granddaughter. It's one of them Apple Watches. She showed me how to track my walkabouts and tell the time. But I can't fathom how to make it do that 'counting my steps' thingy. It worked before, then it stopped. Now I can't remember how to set it up. Can you straighten this out for me, dear?",How can I setup and troubleshoot the step tracking feature on my Apple Watch?
182,"My daughter tried to show me how to use Spotify on this new computer but whenever I try to play a song, it just doesn't do anything. Beats me!",How can I troubleshoot Spotify on my new computer since it's not playing any songs?
183,"My emails are always going to this spam thingy. I don’t get it, I mean, they're from my friends and family. Can we tell it to stop or something?",How can I prevent emails from known contacts from going into the spam folder?
184,"My grandkids gave me this laptop, and they said it's running something called Windows 10, I think. They used to have to help me keep it, you know, up-to-date and all? But they moved out of town and now I have this notification thing that tells me there are updates but I don't know how to do it. Can you show me, step-by-step?",How to install Windows 10 updates on my laptop?
185,"I keep getting these pesky pop-up things on my computer screen and it's driving me mad. What do you know, I have this virus protector.. umm.. McAfee is it.. still no go. Where am I going wrong dear?",Why am I still receiving pop-up ads even though I have McAfee Antivirus installed on my computer?
186,"I can't seem to get my printer to work with my computer. I've plugged the thing into every outlet and hooked it up to the computer, but it still won't print. It used to work with my old computer just fine. Even tried that CD thing that came with it years ago, but no luck. Your grandma can't seem to figure it out. Any suggestions?","How do I resolve the issue of my printer not connecting or printing with my new computer, despite having tried different power outlets and using the installation CD?"
187,I'm trying to get my photos off my phone onto my computer. I've plugged it in but it's just not working. It's an LG phone.,How do I transfer photos from an LG smartphone to my computer via USB?
188,"I can't get my printer to talk to my computer, and they're both plugged into the wall. Is that all it takes?",Why isn't my printer connecting to my computer despite both devices being powered on?
189,"My daughter told me it's not good to use the same password everywhere. I use this one password for, you know, my email, my bank, you name it. But with all these websites, it's hard for me to remember that many passwords. She said something about a password manager. What does that mean? And how can I set it up?",What is a password manager and how can I use it to manage different passwords for different platforms?
190,"I have been attempting to upload a video clip of our granddaughter's soccer game from my camera to my Facebook, but it doesn't seem to go through. It just keeps showing the loading icon and then nothing. Any idea what the issue might be? Oh, and I'm also confused about the different quality options while uploading videos, can you tell me what they are all about?",1. What might be causing my problem of not being able to upload a video from my camera to my Facebook account? 2. Can you explain what the different quality options mean when uploading videos to Facebook?
191,My son sent me a PDF but I can’t open it on my email.,How can I open a PDF attachment in my email on my computer?
192,"My grandson told me I needed to get this Skype thing to video chat with him while he's away at college, but I'm just not sure I got this right. I see a blue icon on my screen but nothing is happening. Did I miss something? I don’t want to mess up and lose my other stuff on the computer.",How do I correctly install and use Skype on my computer?
193,"I got word from a friend that the latest software for the TV is available. It's taking a while for me to understand this smart TV system, but I heard this update is very important. I've tried searching the remote for an update button of sorts but to no avail. Is it something I should be doing regularly? And how am I supposed to go about doing so without messing things up?",How to update the software on my Smart TV and is this a process that needs to be done regularly?
194,"My grandson told me about downloading apps for my new Samsung, but every time I try, it keeps asking for some kind of password? I'm sure I never set any password.",How do I reset or retrieve my password to download apps from the Google Play Store on my Samsung device?
195,"I'm having trouble with my printer. It's on but when I click print, nothing comes out. Tried rebooting but no luck.","Why isn't my printer producing any output, even though it's powered on and I've attempted a restart?"
196,"My grandson, Paul, came over a couple of weeks ago and he did something on my computer. Now, whenever I'm trying to use the Facebook, it looks so different. It's become really confusing and I don't like it anymore. I said to him, 'Paul, I don't like the new look'. He said, 'You just need to get used to it, grandma.' But honestly, I want back to the way it was before. Can you help me make it like it was?",How can I revert the recent changes made on the Facebook interface to its previous version on my computer?
197,"Hello, can't find my granddaughter's pictures on this Facebook thing.",How do I locate my granddaughter's pictures on Facebook?
198,"Well, here's the thing, my daughter convinced me to get this Alexa thing. You know, the smart speaker in the kitchen. I can ask it for the weather, or to set a timer and that's about it. But the other day, a friend mentioned I can ask it to play music too. I think it was something about an Amazon music thing? I tried asking it to play a song, but it just doesn't do anything! I'm wondering if I need to get that music thing or if Alexa is broken or something. Could you point me in the right direction?","How can I stream music through my Amazon Alexa smart speaker? Do I need a subscription to Amazon Music, and if so, how do I set this up?"
199,"Hey, I was trying to send a message on that Skype thing, but it keeps saying failed! Don't know how to fix that.",How can I troubleshoot a problem with Skype when it continually displays a 'message failed to send' error?
200,"I was chatting with my grandson on this Facebook Messenger thing, but he keeps saying my microphone isn't working, even though I'm yelling at it!",Why isn't the microphone working when I make voice calls through Facebook Messenger on my computer?
201,"I’m having a hard time getting used to this tablet I bought. The annoying thing is that I somehow can't type properly. It keeps shutting down when I'm in the middle of writing an email or when searching online. It’s so frustrating, dear. Could it be something with the keyboard settings or is it the tablet itself? Could it be a virus? Anyway, I would be very appreciative if you could help me out here.","Why does my tablet shut down abruptly when I'm typing an email or browsing the internet? Could it be a problem with the keyboard settings, the device itself, or possibly a virus? How do I troubleshoot this issue?"
202,I think I sent an email yesterday. It's not in the Sent box. Maybe it didn’t get sent. How can I find that?,"How can I recover or locate an email that I believe was sent, but isn't appearing in my Sent mailbox on Gmail?"
205,I use my computer nightly to read emails but now I can't seem to find my Inbox. I hardly did anything different. What's going on?,"Why has my email inbox suddenly disappeared on my computer, and how can I restore it?"
206,"I've been having trouble lately with my grandkid's Nintendo Switch. All of a sudden it's saying the controllers are not connected or something but they're right there on the gadget. And we've got a road trip coming up, so I need to get this sorted out quick. Can you give some direction on this?",How to troubleshoot and fix the 'controller not connected' error on a Nintendo Switch?
207,"I was trying to send an email on my laptop and I can tell you, it was a real struggle. I had written a whole big long letter to my nephew and just when I was about to send it, the darned thing disappeared! Really made my blood boil, I tell you. I looked everywhere for that letter - in drafts, in the sent box, everywhere. Even tried hitting that undo button a few times. No dice. Now, how on earth do I get that email back?",How can I recover a composed email that disappeared before sending on my laptop?
208,"I've been talking to my grandson over that FaceTime thing. But recently I can't seem to hear him. He says he can hear me perfectly clear though, but I'm not on mute or anything. I’m using iPad and I don’t remember changing anything,  It's all a bit confusing, not sure what's going wrong. Can you help?","Why can't I hear the other person during a FaceTime call on my iPad, even though they can hear me?"
209,"My tablet, I don’t know what’s the matter with it. Every now and then, not always, I get a popup about some kind of upgrade or update or something. I ignore it because I’m scared of ruining something, but what is this? Is it going to give me a virus or something if I press yes? But then it’s so annoying when it keeps coming up. What am I supposed to do?",What are the pop-up messages about updates or upgrades that I occasionally see on my tablet? Are they safe to agree to and how can I manage these messages properly to prevent potential disruptions?
210,"You see, the young man from the shop put this 'Zoom' thingy on my tablet for me, so I can see my daughter who lives overseas. But, it's asking for a password and such. Now, here's the thing, I don't have a password and I don't remember setting one up. It was working a few weeks ago, and now it's not. What do you think I should do?","How do I recover or reset my password on the Zoom app I use on my tablet for video calling, since I do not recall setting up one and cannot access the app currently?"
211,I can't seem to find where my photos go after I take them on this new phone of mine. I've tried looking around but no luck.,How do I access and view the photos I've taken on my new Android smartphone?
212,"Do you know how to get those Zoom meetings set up for me? I've been trying for some time now, but can't quite get it.",How to set up or schedule a meeting on Zoom?
213,"I just bought this fancy Kindle thing and tryin' to add some books to it, but I can't figure out how. I am at my wit's end!",What are the steps to add books to a new Amazon Kindle device?
214,"I've been having so much trouble with these smart speaker devices. I got this Amazon Echo as a gift from my grandkids. They set it up for me and showed me how to ask it things. But I can't get it to play my favorite music. I think it might be because my music is on something called Spotify, not Amazon? Do I need an Amazon account for that?",How do I connect my Spotify account to my Amazon Echo so I can play my favorite music?
215,"I've been trying to see video clips that my grandson shared on Facebook. But it's always buffering or it says my plugin isn't updated. I updated the Adobe thing, but it didn't help much! Am I doing something wrong? Or is it about that bandwidth thing my son mentioned?","Why are my Facebook videos always buffering and how can I resolve it? How do I ensure my plugins are updated for video playback, specifically Adobe Flash? What is bandwidth and how does it affect my video streaming experience?"
216,"I’ve been trying to put my vacation photos from my digital camera on the-computer and share em' to my Facebook but can't seem to get it done. I’m used to the old way when I could just plug the camera into the-computer and everything would show up automatically but now everything's changed and I don't know where to start. I would greatly appreciate if you could help me out, dear.","How do I transfer photos from a digital camera to a computer and subsequently upload them to Facebook in the current software environment, as the automatic import function I was previously used to no longer seems to work?"
217,My printer isn't doing anything. I clicked 'Print' on my Word document and the printer doesn't seem to receive it. I checked the cable and they're fine.,"Why isn't my printer responding when I attempt to print a Microsoft Word document, despite having confirmed the proper connection?"
218,"So, I was just wondering, I got this email in my inbox and it's saying something about suspicious activity... I didn't click on anything inside it yet, should I be worried?","I received an email alert about suspicious activity on one of my accounts. I haven't clicked on anything within the email yet, what should I do?"
219,I saved a bunch of pictures on my computer but now I can't figure out where they went. They're not in my pictures folder. Where could they possibly be?,How do I find images on my PC that aren't located in the 'Pictures' folder?
220,"Oh dear! I've been trying to share this link, but it's not working. Can you help me?",How do I troubleshoot my device when it fails to share a link on a social media platform?
221,"So, my grandson set up this Facebook account for me so I can keep up with family, you know they're scattered all over. But the thing is, I'm seeing posts from strangers and I don't understand how. I thought I'd only see posts from the family and a few friends I've added. Is there a way I can adjust this, dear?",How do I adjust my Facebook settings to only see posts from my friends and family?
222,"Hey there! I've got one of those Smart TVs, and I don't understand how I'm supposed to watch my Netflix shows on it!",How can I access and watch Netflix on my Smart TV?
224,I'm having some trouble with this darn email thing. It keeps showing me the same old messages day after day and doesn't show the new ones. I can't figure it out.,"Why am I not receiving new emails on my Gmail account, but old emails are still visible?"
225,"I typed up a really long email but it's just gone now! I don't know if it got sent, or where it went. Can you help me find it?",How can I recover a drafted email that disappeared before it was sent on Gmail?
226,"I was trying to call my son, he lives abroad. But the WhatsApp isn't making any sound. What do I do?",How can I fix the issue of no sound during an international call on WhatsApp?
227,"Hey, my grandchild sent me an emoji on that Facebag thing, how do I send back?",How to respond with an emoji to a Facebook message?
228,"Now, I've been using Windows for quite a while, but you know, every time I start up my computer, I find all these random videos saved. Maybe my grandkids did it, don't know! But anyway, I want to get them off my computer. And can you tell me how to make sure they don't just appear again? You see, it always asks me if I want to save them, and I'm not quite sure which thing to click to stop it.",How can I delete unwanted videos from my Windows computer and modify settings to prevent automatic saving of such files in the future?
229,"Emails won't show up in my mailbox anymore. I've got everything connected and used it just fine yesterday, but now, nothing. What gives?",Why are emails not appearing in my mailbox on my smartphone even though it seems to be connected properly?
230,"I was trying to send email to my grandchild, but my Gmail is giving some error message!",How to troubleshoot Gmail when it's displaying an error message while sending an email?
232,"I recently bought a fancy Kindle device to read some books. Having a tough time though, still figuring out where to find books in it. Could you let me know if there's something specific I should click or look for to get started? Hope I'm not troubling you too much with this!",How do I navigate and find books on my new Kindle device?
233,"We just got ourselves a new smart TV and I'd like to watch some Netflix on it. Just not sure how it all works, my grandson usually sets this up for me. I believe I need to access Netflix from apps and then sign in? My existing account should work, right? He gave me this black little remote with so many darn buttons on it. Grateful if you could guide me through this.",How to install and login to Netflix app on a Smart TV using the provided remote control?
234,I am getting a bit fed up with this new smart TV of ours. It is always showing shows that I have no desire to watch. My grandson said something about a 'recommendation engine'. Is there any way that I can make this thing show me programmes that I might actually enjoy?,How can I personalize or adjust the recommendation engine on my smart TV to suggest shows that align with my interests?
235,I was trying to send an email but then it kept saying something about a server. Not sure what that's about..,How can I troubleshoot the issue of 'server not found' error when attempting to send an email?
237,"I was chatting with my grandson on that Skype thing, but it just stopped. No video, no nothing.",Why did my video call on Skype suddenly stop and how can I fix it?
238,"When I try to print my photos from this laptop thingy, nothing comes out of the printer. I've checked if it's connected already. Can't make heads or tails of it!",Why won't my laptop print photos even though it's connected to the printer?
239,"I've been trying to watch the shows on my Netflix on this new smart TV my daughter bought me. Every time I click into a show, it keeps telling me I'm not connected to the internet, but I know I am because I was just looking at my emails. I've tried going back and forth but it's not working. Do you know what could be happening?","Why does my smart TV show a 'no internet connection' error when I try to access Netflix, despite being able to access and browse my emails? How can I fix this issue?"
240,"Hey, I wanted to share a funny picture on the Facebook but I can't seem to find the button to upload pictures. It used to be there!",How do I upload and share a photo on Facebook if the upload button is not easily visible or accessible?
241,"Oh dear, I tried to send an email to my grandson, but it keeps saying something about a mailer daemon. What's happening?","What does the 'mailer daemon' error message mean when I try to send an email, and how can I successfully send my email?"
242,"I've been trying to make sense of that 'cloud' thing my granddaughter showed me. She set it up so that my photos would all go up there. But now I've taken some pictures I don't want to keep. And can't seem to get rid of them. I tried deleting them from the phone, but they're still there in the cloud. Can you guide me on how to delete those unwanted pictures permanently?",How do I delete photos from my iCloud account that have been backed up from my iPhone?
243,"I've been hearing a lot about this thing called zoom from my kids and grandkids. They say I can use it to see them even though they live far away. I am not so good at these computer things but I want to give it a try. However, I am not sure how to use it. Can I just click on a link they send me or do I need to do something on my computer first?",How can I install Zoom on my computer and join a meeting through a link provided by a host?
244,"I'm trying to see my granddaughter's photos on Facebook, but it just isn't showing anything.",How to troubleshoot Facebook when it's not displaying photos in the user's feed?
245,"My grandson can't stop talking about these TikTok videos. He's always asking if I've seen them and since I don't want to seem out of touch, I finally decided to give it a try. I've downloaded the app on my phone and even managed to open it, for better or worse. But now I feel really lost looking at all these little videos popping up everywhere. And why can't I see the videos my grandson has told me about? They apparently have his little band in it, but I can't find anything in this chaotic mess.","How can I navigate the TikTok app and find specific videos, such as those featuring my grandson's band?"
246,"My grandson just installed Spotify on my computer, but the songs just won't play no matter what I do. The list shows up, but nothing happens when I hit play.","Why am I unable to play songs on Spotify on my Windows PC, despite being able to see the playlist?"
248,"I want to share holiday photos with my grandkids but I don't know how to send them through email. And I'm using this computer. Matter of fact, it's a laptop. A Dell, I think.",How do I attach and send photos in an email on a Dell laptop?
249,"The other day a buddy told me about some 'software updates' that are supposed to make my computer run smoother. I'd like to give it a shot, but don't want to accidentally ruin my computer. Funny enough, I'm not even sure how to check if there are updates waiting for me or not. I think I should be doing this on my smartphone and tablet as well... can I get some help with this, please?",1. How do I check for and install software updates on my Windows computer? 2. How do I check for and install updates on my Android smartphone? 3. How do I check for and install updates on my iPad tablet?
250,"I've got this little gizmo called a 'Fire Stick' for my telly. Daughter says it's the new thing for watching shows? But silly me can't really figure it out. I get this mishmash of home screen, apps, whatnot. I just want to go straight to my program, you know. Can you walk me through how I get to my show?",How can I navigate the Amazon Fire Stick interface to access and play a specific TV show?
251,My son says I need to update my Anti-virus software for safety. I don't even remember installing one. What is this Anti-virus thing? And how am I supposed to update it without messing my computer? Can you guide me in simpler terms?,What is an Anti-virus software and how can I update it on my computer without causing any issues?
252,"I've got this new laptop from my son, but the letters are really tiny. Everything looks so small too, like the icons. I need them larger because my eyes miss things",How do I adjust the screen resolution on my Windows laptop to enlarge the text and icons for better visibility?
253,"Now, I don’t understand these new-fangled devices too well but my grandkids bought me this iPad for Christmas and I’m trying to work it out. Let me tell you, I've been trying to get onto that Facebook to see pictures of my family, like they showed me. I put in my email and that password they told me to remember, but no luck, I keep getting a message about incorrect login credentials. It’s very frustrating. Can you help me with this?","Why am I unable to log into my Facebook account on my iPad using the given email address and password, and how can I troubleshoot this issue?"
254,"I've been using my grandson’s Spotify account on my iPad when he visited last, but now he's gone away for university and I would like to get my own. But when I go to sign up, it tells me to check my internet when my internet is fine. Am I doing something wrong or is that just something I can't fix on my end?",How can I troubleshoot a 'Check your Internet connection' error message when I try to create a Spotify account on my iPad?
255,"I use my tablet to read books on that Kindle app, you know. But lately, it's just so confusing. Every time I close a book and try to open a new one, it takes me back to the same old book. I've tried swiping and touching every button I see. I even closed the app and started it again, but it didn't help. Can you tell me what I need to do?",Why does my Kindle app on my tablet keep opening the same book each time instead of allowing me to open new ones? How can I resolve this issue?
256,"Apparently, it just looks like my grandkids have been toying with my computer again. I can't seem to find this toolbar thingy at the top of my screen. It used to have these colorful buttons for me to access my mail, weather, and such. And now it’s all gone. Now, I don't fancy bothering anyone about it, but do you happen to know how I can get that back?",How can I restore or re-add the toolbar on my computer screen that contained shortcuts to applications like mail and weather?
257,My grandson tried helping me put up a profile picture for this Facebook thingy but it's turns out sideways. What do we do?,How can I rotate and set a profile picture correctly on Facebook?
258,"The grandkids were over here playing on my computer and now everything's in a different language. Can't make heads or tails out of it. They were on this 'Google Chrome' thing, I think? Can you tell me how to fix it back?",How do I change the language settings on Google Chrome back to English?
259,"I tried to save some documents to this cloud thing, but I don't know if it worked. How can I check where my files ended up?",How do I verify where my files are stored after backing them up on iCloud?
261,"Lately, my granddaughter is using this online platform for her studies, it's called Zoom, I believe. Just yesterday, she asked me if I can help her with something called a 'Zoom background'. Goodness! I don't have a clue about it. And don't even get me started on trying to understand the process from her. Could you maybe step in and help me with this?",How do I change the virtual background in a Zoom meeting?
262,"I've tried sending some messages on my new gadget, this Facebook Messenger thing, but I don't think they are going out. I hit the send button, there's no errors, but my kids say they never get them. What could be happening?","Why aren't my Facebook Messenger messages not being delivered, even though they appear to be sent from my end without any errors?"
263,"The photo thing on my computer...how do I move it to the side, not in the middle?",How do I reposition the desktop icons on my computer to the side instead of the center?
264,"I'm trying to send a picture to my granddaughter through these email messages but the thing just won't attach, what's happening?",Why am I unable to attach a photo to an email using a Gmail account on my desktop computer?
265,"I keep hearing about this 'WiFi calling’ on my phone, but I'm not actually sure how to switch it on. Would that help me with my bad signal at home?","How do I enable WiFi calling on my smartphone, and would it improve the signal quality for calls at my house?"
266,"I used to be able to easily find and print any emails that I wanted, but now it seems every software update changes the layout of things. I found my emails okay, that's not the issue. But printing, my goodness! I can't seem to find any option to print. I have some important conversations that I need to put on paper. Could you guide me on this?",How can I print specific email conversations from my account in the new version of the email application?
267,"My smartphone tells me it's running out of space...I've been deleting my photos, messages, and some apps, but it just doesn't seem to free up anything. What's the matter?","Why is my smartphone still telling me that storage is full even after I've deleted many photos, messages, and apps, and how can I effectively free up more space?"
268,"Recently, my friend told me about this texting thing called WhatsApp where she can talk to her grandkids overseas without those long distance phone charges. She lent me her spare Kindle Fire tablet and I downloaded the WhatsApp thingy. I see the app but when I try to open it, it's asking for a QR code something, which is nowhere on this tablet. Can you guide me through this QR thingamajig?",How do I set up and use WhatsApp on a Kindle Fire tablet?
269,"I'm seeing all these messages about updating my antivirus software, but I'm a bit hesitant since I've been hearing about scams and whatnot. I mean, one time when I was updating my computer's protection, the next thing I knew, my screen went blank. Can you help me understand if this is something I need to do? And if so, how do I do it without messing up my computer?","Is it safe and necessary to update my antivirus software? If so, how do I update it correctly to avoid any potential issues or risks?"
270,My grandson sent me something through WhatsApp but I can't open it. Some document it seems. What should I do?,How do I open a document sent to me through WhatsApp?
271,I can't seem to figure out how to save the pictures that my grandkids have sent me on my new phone. The photos are stuck in the messages. How do I get them to my photo collection?,How can I save photos received through text messages to my photo library on an Android phone?
272,"Umm, somehow my new photos are not in the gallery where they used to be. I can't seem to find them.",How to locate recent photos in the Gallery app on my smartphone when they are not displaying as expected?
273,"My grandson shared this social media thing called Instagram with me. He says I can view his pictures there, but I'm not sure how I do that. Also, he mentioned about following him? What does that mean? I just nodded along at the time.",How can I view someone's pictures on Instagram and what does it mean to follow someone on Instagram?
274,I have this email account set up on my old flip phone but now I have this new smartphone. I don’t really know how to set up that very same email now. Can it be done?,How do I configure my existing email account on my new smartphone?
275,"I'm trying to call my daughter on this skype thingy, but it's not ringing on her side.",How can I troubleshoot a situation where a Skype call is not being received by the intended recipient?
276,"Oh dear, I was trying to send a picture via WhatsApp to my grandson but it's not happening!",How can I successfully send pictures via WhatsApp on my phone?
277,"I’ve been having a bit of a trouble with my old Macbook. You know, the one I keep in the study. It seems to show me one of those colorful wheels whenever I open multiple apps at the same time. Just yesterday, I was writing an email and wanted to check something on the Internet and the whole thing just froze on me. Is there a solution to make this thing go any faster or should I just get myself another computer?",Why does my Macbook freeze and show the spinning wheel icon whenever I use multiple applications concurrently? How can I improve the performance of my Macbook or do I need to consider buying a new one?
278,"I am not sure what I hit on this thing, but I have this new TV and now I can't get Netflix to work. I pay my bill, so that's not the problem. My grandson tried helping over the phone, but we couldn't get it going. It keeps saying 'no internet connection'. I guess I did something to the Wi-Fi, but I don't know how to fix it. Can you help me?",How can I reconnect my smart TV to the internet or Wi-Fi to watch Netflix?
279,"You know, I've had this laptop for a good while now, and I actually prefer when things stay the same. So I'm not exactly thrilled, must tell you, that my tabs keep disappearing whenever I'm on the digital web. It's a headache and a half. Would sure appreciate it if you could help me with this, dear. Not that techy so those Chrome updates just fly right over my head!",Why do my tabs keep disappearing when I'm using Google Chrome and how can I prevent this? Is it related to recent updates to the software?
280,"Hi there, my wireless printer is not connecting. I'm trying to print something but it's just not happening.",How can I troubleshoot my wireless printer that is not connecting to print documents?
281,"I have a bunch of e-mails piling up in my Gmail inbox...too many, really. I'm trying to clean up, but don't know how to send multiple ones to the trash at the same time. Do you know the trick?",How do I select and delete multiple emails at once in Gmail?
282,"My daughter tried to show me once, but I still can't wrap my head around this 'online shopping' thing. Apparently, you can get groceries delivered right to the house without even stepping outside. I do most of my general shopping on a site called Amazon, I think? Can't seem to figure how this buying groceries online works, though. Anything you can do to help, son?",How can I order groceries online using Amazon?
283,"Now, my grandson got me one of these new-fangled streaming gadgets, said it's a Roku, smart thingy for my TV. I can't make heads or tails of it though. How in the world do I figure out to watch my favorite shows on this? I don't want to miss my jeopardy and golden girls reruns.",How do I set up and use a Roku streaming device to watch my favorite TV shows?
284,"It seems every other week they want another password. Just when I get used to typing one in, they blindside me with a notification saying it's expired. And then I can't even use the old ones. It used to be easier with a single key and a handful of useful digits. Now, how can I keep track of these ever-changing strings of letters and numbers without them finding their way into the wrong hands?",What are some strategies for securely managing and remembering multiple passwords that frequently need to be changed?
285,"Oh dear, this smart TV just keeps getting the best of me. I was trying to have a Zoom meeting with my grandkids but all I got was this message saying something about having to update the app. And not only Zoom, but the other apps like Netflix and Hulu are acting up as well. How do I go about handling these updates, kid?","How do I update applications such as Zoom, Netflix, and Hulu on my smart TV?"
286,"My grandson sent me a picture on this Whats Group chat, but I don't know how to see it. Can you help?",How can I view a photo sent to me in a WhatsApp group chat?
288,"I've been trying to use that video calling chat you suggested, the Zoom one. Every time I try to join one of those video calls everyone is frozen, and I can't hear anything. My neighbor Susan tried to help me out on her phone and everything worked just fine. But on mine, it just doesn't. Is it something wrong with my computer or my internet? What should I do next?","Why do I experience video and audio issues when I join Zoom meetings on my computer, even though it works fine on a different device? How can I troubleshoot these problems - could it be due to my PC or internet connection?"
290,"Hello there, every time I try to text my granddaughter on my new phone, it keeps popping up with these predicted words! How do I cancel it?",How can I disable text prediction/input suggestions on my smartphone's keyboard settings?
291,"A few days back, my grandkid got me that Netflix thing on my TV. It's nice to see the old shows, I tell you. But there are times when it gets a bit more than just difficult, you know, to find the show once I turn off the TV or the application. It's not on my list anymore or something. Can't quite figure out how to get it back on my watch list. It's one of those smart TVs but it's acting pretty foolish if you ask me. Can you help?",How can I add a show to my watchlist and retrieve it later on Netflix using a smart TV?
292,"My grandson told me that I can watch my favorite games on Twitch. I do have a computer and internet although not the fastest one. Also, I am a bit worried about getting a virus or something if I visit the wrong website. Would you be so kind and explain how I can strap myself in to stream sports on Twitch safely?",How can I set up Twitch on my desktop computer to watch sports streams safely without risking virus infection?
293,"Hey, I was just trying to Skype my friend, but it says I need to log in. I thought I was logged in, but I don't know. Can you help me?",How can I troubleshoot the issue of Skype asking me to log in even though I thought I was already logged in?
294,"I was trying to get to that social media thing, BookFace or FaceBook, I don't know. Now, I must have pressed something wrong, and suddenly my pictures are gone. I tried pressing the photo thing, and it says there are no photos. These are the things I took at my grandson's graduation. I didn't delete them. Why can't I find them?",How do I recover my missing photos on my Facebook account that disappeared likely due to an unintentional action?
295,My emails are not showing up in that yahoo thing on my computer!,How to troubleshoot Yahoo mail when it's not displaying emails on my computer?
296,"So, here's the thing. My nephew sent me this device called a Chromecast for my birthday. Nice lad, isn't he? Now I would love to watch some of my favorite shows from this Netflix thingy on my television, but I don't have the faintest clue how to get that set up. Could you give me a hand with this if it's not too much trouble?",How to set up Chromecast on my television and connect it to Netflix?
297,"My grandson got me a new computer for my birthday. Now, I was doing okay with my old system..knew where everything was. But on this one, I click on something and it opens up in some sort of...fullscreen mode that I can't seem to get out of. Every time I minimise it goes back to this no-border full screen. It's for the cat's whiskers, I tell ya! Thought computers were supposed to make things easier, not give you new puzzles every day. Any ideas how to keep these apps in smaller windows all the time?",How can I prevent applications from automatically going into fullscreen mode on my new computer?
298,"I got this new Amazon Kindle reader, but the thing is - I can't figure out how to enlarge the text. Can you help?",How do I increase the font size on my Amazon Kindle e-reader?
299,"Oh dear, I was trying to check my email but my Yahoo screen looks all different now, can't find my inbox.",How to access my inbox when the Yahoo Mail interface has changed?
300,"I wanted to attach a picture from Photos in a message on my cellphone but the darn thing wouldn’t let me. It's the phone that my grandson gave me, one of those Google ones. ",How can I attach a picture from the gallery to a text message on an Android smartphone?
301,"Hey, I've been trying to send pictures to my grandchildren via this Instagram but it's just not working.",How can I share photos with my grandchildren using the Instagram app?
302,"Last week my grandson, Johnny, tried to be a good sport and set up a sort of visual thingummy on my computer. Now, whenever I turn the blasted thing on, I get a sort of slide show that ticks away on its own. Well, it’s not a total bother, but I much prefer when it only showed one picture of my late husband and didn’t change. Johnny's a sweetheart, he meant well, but I'd rather have it back to the way it used to be, you understand?",How can I change my computer's screensaver settings to display a single stationary image instead of an automatic slideshow?
303,My granddaughter was playing with my iPad the other day and she seems to have changed it to some other language. All the words on the screen are jumbled up and I can't make heads or tails of it. I'm trying to change it back to English but I'm having a hard time finding where to do that. Could you point me in the right direction?,How to change the language settings on my iPad back to English?
304,I tried to open my email thingy but it says something about a password? I can't remember setting one back when my son made the account.,How to reset my email account password when I can't remember the old one that was initially set up by my son?
305,"I’ve been trying to get on the Facebook to see my grandchildren's pictures. I put in my name and password and it just doesn't work. I’ve tried maybe five times already. I even tried to do that password reset thingie, but it also didn’t work. It just sits there, loading and loading and then nothing. I don’t know what’s going on. Can you help me with this?",Why can't I log into my Facebook account even after attempting to reset my password? How can I resolve this login issue where the page keeps loading indefinitely?
306,"I tried many times to sign in to my email account on this computer, but it’s always saying password is incorrect. Although I am very sure it's right. What's wrong?",Why can't I access my email account on my computer even though I am entering the correct password?
307,"I’ve been trying to share photos from this gadget to Facebook but I can't seem to figure out how. It surely must be doable, right?",How do I share photos from my iPhone to Facebook?
308,"I've run into a bit of a pickle. My grandson was telling me about this thing called a VPN for my computer. He says it'll keep me safer when I browse the internet. He set it up for me last year but he's off to college now and I don't know how to turn it on. And to be honest, I’m not quite sure what it does, really. Can you help me, dear?",How can I enable the VPN (Virtual Private Network) on my computer and what is its purpose?
310,I have misplaced my password for my email. It just is not on my mind. How can I recover it when I don't remember it anymore?,What are the steps to recover or reset the forgotten password for my email account?
311,"You know, I was just on my Facebook the other day. These messages pop up when I'm there... on my screen. They tell me I have to upgrade Facebook, the app I mean, and that scares me, I tell ya. Last time I upgraded something I couldn't find my pictures. I don't even know what version I got now, it's so confusing for me. Is it really needed to do this update? What happens if I don't?","Do I need to update my Facebook app and what are the potential consequences if I do not? Additionally, how can I determine the current version of my Facebook app?"
312,My grandson was visiting last week and he was showing me something on this Facebook thing. Now I can't revert back to what I usually see. Even my Farmville is missing! Can I ask you to help me get back to how things were and maybe you could explain to me what he likely did?,"How do I restore my previous settings on Facebook, and what could have been changed to cause my current viewing problems?"
313,"Hello there, I was trying to share photos on Facebook but couldn't. I need some help there.",How to fix the issue of not being able to share photos on Facebook?
314,"I'm not quite sure how to go about this, but I'm trying to send a short video clip to my grandkids in a different country. My daughter told me about this ‘Whatsapp’, but I can't figure it out. I tried to push every button there but all I see are words and little pictures, totally odd. I just want to send it without causing any trouble or costs. Can you possibly give me some guidance?",How to send a video via WhatsApp internationally without incurring additional charges?
316,I've got all these photos on my mobile phone and I'd like to put them on my computer. How do I get around doing that?,What are the steps to transfer photos from my Android phone to my computer?
317,"Oops, I was trying to call my son on Skype, but it says something about not available. Can't figure out what's wrong.",How can I resolve the issue of my contact not being available when I am trying to call them on Skype?
318,"My grandson shared some file with me using something called Google Drive? He told me to save it on my computer, but how do I do that? I don't want to mess up and lose the file he sent me. Can you give me a hand with this?",How can I download a file that was shared with me via Google Drive and save it to my computer?
319,"My TV has this YouTube app but I can't figure out how to find my favorite channel on there, it's driving me nuts!",How do I search for and subscribe to a specific channel on the YouTube app on my smart TV?
320,"I wrote my grand-daughter a nice note in an email, but she told me she never got it. Don't know what happened to the message.",What could be the possible reasons for an email not reaching the intended recipient and how can I confirm that it was sent correctly?
321,"My little grandson was fiddling with my computer the other day. Now, every time I turn it on, the screen blinks and I can't see anything properly. It's as if you're looking at things through a camera flash. I've tried restarting it a few times, no help. I can't get a hang of it. Do you think you can help?","How can I fix the issue of my computer screen continuously blinking and causing display problems, which started happening after my grandson used my computer?"
322,"My Skype isn't working right, keeps dropping calls and I'm frustrated. Pretty sure I've got a good internet though.",Why does Skype continuously disconnect calls despite having a reliable internet connection?
323,I remember mentioning to my daughter that I really like some of her pictures on Facebook. She told me there's a way to save them on my computer. Something with 'right clicks' and 'save image as'... but I am not too sure how to do that properly. Don't want to mess things up. Can you guide me?,How can I save pictures from Facebook onto my computer?
324,"Friend, I can't seem to find my pictures on my phone. Where did they go?",How can I locate my photos in the gallery app on my smartphone that seem to have disappeared?
325,"Eh, I tried to talk with my daughter via that Skype thing, but it only shows my face, darn technology!",How to make a video call using Skype when it is only showing a preview of my own video?
327,"I'm just not sure how to get my new printer to connect to my laptop. I've plugged in the cable, but it's not printing anything.",How can I establish a connection between my laptop and my new printer via cable to enable printing?
328,"You know, I put my photos in the computer from that darn camera, but where did they vanish to? Can't seem to find them anywhere",How do I locate the photos I've transferred from my digital camera to my computer?
329,"Listen, dear, I missed some calls yesterday. My home screen keeps saying 'missed calls' and it's awfully frustrating, you know. I don't know how to get rid of that. When I pick up the phone to make my usual call, it's staring me right in the face. I feel like the phone's making fun of me. Also, it's getting a bit cluttered with all these apps that I hardly use, how do I throw them out? And those red notification alerts on the app icons are quite an eyesore, can you teach me how to turn those off too?",1. How do I clear the 'missed calls' notification on my home screen?2. How do I uninstall unwanted apps from my device?3. How can I disable the red notification alerts on app icons?
330,I can’t begin to find my photos on Facebook. How do I even look at them?,What steps do I need to follow to view my photo albums on Facebook?
331,My grandkids got me a Facebook account a while back. They thought it would be a good way for me to keep up with the family. But now it seems like I'm getting notifications for every little thing! It's too much. I only want notifications when somebody messages me or posts on my wall. Do I need to change something in the settings or should I remove the app?,How can I adjust my Facebook notification settings to only receive alerts for messages and posts on my timeline?
332,"I'm writing some stuff in Word, but the letters are tiny! Can't read a thing.",How can I change the font size in Microsoft Word to make it easier to read?
333,"I've been trying to send some emails through my computer, but they keep returning. It's like it doesn't want to send them. What could be going wrong?","What could be the cause of my emails constantly bouncing back on my laptop email client, and how can I resolve it?"
335,"I usually look at photos of my grandchildren on the computer. But since my son sent me this tablet thing, I thought why not try to use it to see the photos. I've been trying to figure it out, but it's complicated. I tried to touch the picture thing but nothing really happens. So I was wondering if you could help me?",How do I view photos on a tablet? I'm having trouble opening the photo application.
336,"Hey, my grandson was showing me all these video calls on Skype but now the video's not working when I use it.",How can I troubleshoot my video not working during a Skype call?
337,I've been getting some pretty annoying notifications from an app that seems to think I need to be reminded of things every 5 minutes. I'd really like to make them stop. Can you please help me out?,How do I disable notifications from a specific app on my Android device?
338,"I was trying to use Facebook, but it is asking me to update the app. How is that done?",How can I update the Facebook app when prompted on my mobile device?
339,"Hey, there's something wrong with my laptop. Why can't I see the new messages in my Yahoo email?",How can I troubleshoot my laptop when new messages are not showing up in my Yahoo Mail Inbox?
340,"My granddaughter tagged me in a photo on Facebook, but I can't find it anywhere. She said it's on my timeline, but what in the world does that mean? And then, she told me I might have to approve the post. How do I do that? And can you tell me how I can tag her back in a reply? I'd be much obliged if you could help!",1. How do I find and view photos I've been tagged in on Facebook? 2. What is a Facebook timeline? 3. How do I approve a post I've been tagged in on Facebook? 4. How do I tag someone in a Facebook post or comment?
341,"Hey, I tried to make a call with that Skype thing but it's not letting me. What's going on?",How can I solve the issue of being unable to make a call with the Skype application?
342,"I'm trying to send a document from my files over the email, you know. But it's not attaching, not working.",How can I successfully attach a document from my files to my email using a Gmail account?
343,"I somehow got this Alexa thing, not sure how to talk to it, what do I say?",What are the basic voice commands I can use to interact with my Amazon Alexa device?
344,"I have a grandson who loves to play games on my iPad whenever he visits. But sometimes I find some of the games or the content isn't really suitable. I heard there's a way to control what he can and can't do on the iPad. Something about restrictions or parental controls maybe? Can you guide me on setting it up, dear?",How do I set up parental controls or restrictions on an iPad to limit access to certain apps or content?
345,"I'm not too keen on how my tablet keeps showing me YouTube videos that don't interest me. You know my grandson loves this gadget but when he uses it, it's all cartoons and games, and then when I want to use it for baking and gardening videos, it's always showing me his stuff. So what I mean is, I just want my YouTube to show stuff I like. Can you help me, dear?","How can I customize the YouTube recommendations on my tablet to reflect my own interests, rather than the cartoons and games my grandson watches?"
346,"Lately, my grandkids have been urging me to get into this Facebook thing, can you believe it? They said I can keep in touch with them more easily and even find some of my old pals from way back when. I must confess, it seems quite complicated and I'm a bit worried about the privacy aspect. They were talking about these groups or something? And this wall? What's all that about? Maybe you could break it down for me?","1. How do I create a Facebook account? 2. How do I manage privacy settings on my Facebook account? 3. What are Facebook Groups, and how do I use them? 4. What is the Facebook Wall, and how do I use it?"
347,"I got this new phone, you see, and my niece, bless her, she put this thing on it called 'Whatsapp' for me to chat with the family. But now, it keeps beeping all day and night. The thing is, I don't want to turn off the whole phone, just want to stop the dingdangs from Whatsapp, if that's a thing. Could you help with this, if it's not too much trouble?","How can I disable or adjust the notification sounds specifically for Whatsapp, without affecting the rest of my phone's settings?"
348,"Hey, I'm trying to use the Skype but it keeps asking me for password that I can never remember",How can I reset my forgotten password on Skype?
349,"You know, my grandson was showing me this thing called Spotfly, or is it Spotify? He was playing songs from when I was young. I'd like to try it myself on my computer. But he went back to college and didn't show me exactly how to do it? Can you help me set up an account and pick out the kind of music I like?",How to create a Spotify account and use its features to select and play my favorite music?
350,I can't seem to deal with this new-fangled Skype thingy! I can't talk to my grandson and it's driving me crazy!,How can I use Skype to start a voice or video call with my grandson?
351,My son sent me this thing called a Zoom invite but I don't know how I'm supposed to join the meeting. He said I need to click on some link?,How do I join a Zoom meeting using the link I received in an invitation?
352,"My granddaughters sent me some pictures in an email, but I just don't know how to open them. Could you help me with that?",How do I view and download email attachments on my computer?
354,"I got myself one of those iPads. Worked well for a while but then it started showing this Apple ID thing and for the love of me, I can't remember what my ID is, let alone my password. And everytime I try to download a book it asks for the ID thing. Can you help me retrieve my ID?",How can I retrieve or reset my forgotten Apple ID and password on my iPad to enable me to download books?
355,"I've been trying to get my Alexa to play my favorite radio station. Pressing all the buttons and asking her, but nothing. Must be broken, I guess?",Why can't I get Alexa to play a specific radio station despite giving the correct commands?
356,"Um, I was trying to call my grandson on Skype, but, well, it's not going through. Can you help?",How do I resolve an issue where a Skype call is not connecting?
357,"Hey, I was trying to make a video call with my friend on Skype but it's showing this screen with small boxes. What do I do?",How can I start a video call with a friend on Skype when it's showing a grid layout view instead of the call screen?
358,"You know, I spent quite a lot on this new-fangled tablet my granddaughter recommended. Supposed to be easy to use for folks like me. So I managed to get Facebook on it 'cause I want to see pictures of my grandkids. But it's a darn headache. It keeps telling me my password's wrong when I try to login. I'm sure it's the right one - wrote it down and everything. Same thing happened few days ago with Instagram. I wonder if my account got hacked or something. Can you tell me what's going on?",Why am I unable to log into my Facebook and Instagram accounts on my tablet despite using the correct passwords? Could my accounts have been compromised?
359,"My grandkids sent me this new thing called a Kindle, for me to read my books on. I think it's a good idea as carrying all my books around can be tiring but I'm puzzled. Can't seem to find where my books are or how to read them on this gadget. Could you help, dear?",How do I access and read books on a Kindle device?
360,"My grandchildren keep talking about FaceTime, I want to see them too. How do I make it work?",How do I set up and use FaceTime on my Apple device to video call my grandchildren?
361,"I got a new TV for the living room. My grandkids helped me set it up last time, but they’re not around now. It’s one of those smart TVs. It needs to be connected to the Wi-Fi, I guess? But I've been puzzling over it for an hour now and can't figure it out. I don't know what they mean by network settings and SSID. Can you lend a hand?",How can I connect my new smart TV to the WiFi network at home?
362,"When I try to enlarge the words on my kindle, they stay small. No matter what I do. Frustrating...",How do I adjust the font size on my Kindle device when it seems to be unresponsive to changes?
363,My grandkids showed me this thing called Facebook and I finally gave in. Now I have my own account but I have certain old pictures I want to show my family back in the hometown. I'm not even sure how it works. And do I have to worry about strangers looking at my pictures?,1. How do I upload photos on my Facebook Account? 2. How to ensure my uploaded photos on Facebook are only visible to my family and friends and not to strangers?
364,"You know, I'm trying to backup my photos from my new iPad because I don't want to lose any of them. But it's not as simple as it used to be. I tried doing it through this iCloud thing but it says I don't have enough storage. I don't want to lose my pictures or my notes. How can I save them somewhere safely? And what if I got a new iPad, how can I take everything there?",1. How can I backup my photos from my iPad when my iCloud storage is full? 2. How can I backup my notes from my iPad? 3. How can I transfer my saved content if I purchase a new iPad?
365,"You see, my granddaughter Emma taught me how to use this Instagram thingy to share those photos of mine. But every time I make a post it also goes onto that Facebook website which I don't want. Emma said something about settings but she's away in school now and can't come over to help me out. Can you tell me what should I be doing?",How do I change my Instagram settings to stop automatic cross-posting of my photos to Facebook?
366,"Lately, when I try to print something from my computer, it's like it doesn't even recognize the printer anymore. The printer works when I manually copy something, so it's not broken. I just can’t seem to print anything from my email or any word documents. And I’m not too keen on fiddling with wires or changing any settings. I'm worried I will botch it up.",How can I troubleshoot the issue of my computer failing to send print commands to a working printer?
367,"My grandson sent a few videos of his school play on my WhatsApp, but now I can't just find them anywhere on my phone. These things used to be so much simpler with regular messaging. I'm sure they are on my phone somewhere but I just can't seem to locate them. Can you please guide me?",How can I locate and access videos received through WhatsApp on my smartphone?
368,"I think I forgot my password for my email, and now I can't get in to see my letters. Can you help me change it? I use that Gmail thing.",How do I reset my Gmail password to regain access to my email account?
369,"I have this funny problem with my telly. When I am trying to watch my shows, and I press this red button on my remote, it just won't let me go to the program I want. It's making me go to some other thing instead. Can you tell me what I do wrong?","Why does my TV not switch to the desired channel when I press the corresponding button on my remote, instead directing me to a different program? How can I resolve this issue?"
370,"You know, I've been having trouble with the pictures on my phone. The other day, I was attempting to send my granddaughter a photo of her birthday cake via this 'WhatsApp' program, but it wouldn't let me. Said something about 'failed to send'. Tried it multiple times, still no luck, and I can't believe I'm saying this, but I could really use a hand!","Why am I unable to send photos through WhatsApp on my phone, and how might I fix this problem?"
371,"My son, god bless him, he tried to install this Skype thingy on my computer. And guess what, now I can't find a way to connect with my friends. Can't seem to find some call option. Also, my sounds are all over the place, I mean, sometimes I can hear them loud and clear and at times, not a peep. Can you help me figure this out?",How can I initiate a call in Skype that's been installed on my computer and solve inconsistent audio issues I'm experiencing during calls?
372,"My Facebook newsfeed isn’t updating anymore, just the same old posts.",How can I troubleshoot my Facebook newsfeed not updating and showing the same posts?
373,"Oh dear, I was trying to send an email but ended up in 'Drafts'. What's this all about?",How can I send an email that is currently saved in the 'Drafts' folder of my email application?
374,"I keep hearing about this thing called Wifi and using it to connect my new laptop to the internet, but honestly I'm a bit lost. My grandkids got me this new laptop and they said something about a password? I really don't want to mess it up, can you guide me through the process?",How can I connect my new laptop to the Wifi and what password would I need to use to do so?
375,"I saved some websites as bookmarks on my computer, but I can't find them anymore. How does that happen?","Why can't I find the websites that I previously saved as bookmarks on my browser, and how can I retrieve them?"
376,"Lately, I've had a strange problem with my new laptop. I just don't kow why, but it seems like the battery power on this thing is draining faster than water from a leaky tap! I mean, I've only been using it for a few weeks now. I do use the internet on it quite a bit, and I like to watch some old movies and YouTube. But, can that really take up so much power? While I'm at it, it also gets pretty hot sometimes...almost like it could fry an egg! I don't know if that has anything to do with the power but doomer it's scary. Anyway, can you suggest me something?","Why does my new laptop's battery drain quickly and why does it get hot, especially when I use the internet or watch videos? How can I improve the laptop's battery life and reduce overheating?"
377,"I'm trying to answer my grandchildren over the whatsit... Whatsapp, I think? But the messages just won't send. Can you fix it?","Why are my messages on WhatsApp not sending from my Android phone, and how can I troubleshoot this problem?"
378,I was trying to access my emails but this 'Gmail won't sync' message keeps popping up,How can I troubleshoot the 'Gmail won't sync' issue on my device so I can access my emails?
379,"I've been trying to get my daughter's posts on that Facebook. She says she's been posting for months, but I don't seem to get them. I guess I liked her page or something, should I do it again? What am I doing wrong here?",How can I ensure that I'm correctly following my daughter's Facebook page and am able to see her posts?
380,"My grandson put a program or something on my computer so we could do video calls. It's always worked okay but now, I've got this new screen you see. Now when I try to make a call the other person can't hear me, they say. I've got the speakers on high and the camera is working fine. Can you tell me how to fix this thing, dear?",How can I troubleshoot the issue of the other person not being able to hear me during video calls on the program my grandson installed on my computer?
381,"I've got this new e-reader, you see, and now I somehow managed to buy a book but where did it go? Not a clue the thing is!",How do I locate and open a book that I have purchased on my Kindle e-reader?
382,"My daughter was saying something about needing to regularly update my apps and my phone itself – something to do with maintaining security? Not sure if I remember right. Anyway, she’s not around now, and I can’t seem to figure out how to do it. Could you help?",How can I update my existing applications and operating system on my iPhone to enhance security?
383,"Hey, I was trying to video call my grandson on this Skype thing, but every time I dial it says call failed!",How can I resolve the 'Call Failed' error I'm encountering while trying to initiate a video call on Skype?
384,"I recently updated my Windows 10 but now it's taking forever to open things. I checked, the internet is fine. Don't understand what's happening!",What could be the reasons and possible solutions for my Windows 10 system running slowly after a recent update despite having a stable internet connection?
386,"I was discussing with my friend about this Smart Plug that he got for his house to turn appliances on and off with his phone. And, umm, can you believe it, he can even control lights in his garden from anywhere. Sounds pretty handy to me or maybe it's just Jenny's (my wife) love for fancy garden lights making me consider this. More than lights, though, I'm just thinking about this cold weather outside right now. Maybe we could use it for the heater as well. But how does this whole thing work though? Mainly, how to set it up?",How to set up and use a Smart Plug to control home appliances and lights remotely through a smartphone?
387,"You know, I was trying to find my favorite cat video on YouTube but the search thing doesn't seem to work.",How can I troubleshoot the search function on YouTube when it doesn't produce results for my specific terms?
388,"Lately, I've been having this issue with my printer. It doesn't print things the same way it used to do. The colors are all off, and the pictures come out all streaky. I thought at first maybe I ran out of ink or something, but I replaced the cartridges and it's still doing it. Makes me wonder if it's the printer itself or some setting I messed up on? Any guidance would be greatly appreciated.",How to troubleshoot color and quality issues on my printer even after changing the ink cartridges?
389,"I've been trying to watch some TV shows on my daughter's Netflix, but it's been telling me that I can't play anything because I'm not in the right region. I didn't have this problem until after she moved. Could it be because she lives in a different country now? Anyways, I don't know how to fix this... Do you have any idea how I can sort this out?",How to deal with the issue of regional restriction on Netflix when trying to access content from a different country?
390,"Nowadays, my son is talking about this green bubble messaging thingy. I believe it's called WhatsApp or something like that. He's asked me to install it to keep in touch more easily, but I'm not really sure how to go about getting this on my phone. Also, I’m not certain how to use it after it's installed. You got any ideas?",How can I install the WhatsApp messaging app on my smartphone and what are the basics of using it?
392,I need to send an email to my granddaughter with her graduation pictures attached but I can't find where to do that on this new email of mine. Help.,How can I attach and send files in an email using a Gmail account?
393,"I got a new fancy smart TV as a gift from my son. They say I can use my voice to control it and even search YouTube videos! My son did all the initial setup, but I'm not sure how I can use my voice to do things, it is quite exciting but also intimidating. Could you please guide me?",How do I use voice commands to control my new smart TV and search for YouTube videos?
394,"I've taken some photos with my camera but I can't seem to find them on my computer. It's plugged in with the cable and everything. So, what's going on?","Why am I unable to locate the photos I took with my digital camera, even though the camera is properly connected to my computer via USB cable?"
395,"Trying to get my grandkids' pictures from my Facebook onto the computer. Back in the day, I just clicked and saved it. Seems like technology got more confusing. Can't find the right button anywhere! Can you guide me here?",How can I save pictures from Facebook onto my computer?
396,"Hey, my grandkids often talk about something called Spotify, they say I can listen to music there. But I can't even find it on my phone!",How can I install and use the Spotify app on my smartphone to listen to music?
397,"You know, my grandson gifted me this digital doohickey, Amazon Echo or something. Jason tried to set it up for me so it will play my favorite old tunes, but he couldn't make it work. So, now it's like a paperweight. And also it's no fun shouting 'Alexa' at it when it isn't responsive. Can you give it a think, dear?",How can I set up my Amazon Echo device and enable it to play my favorite music?
398,"I've got this new android phone, see. My grandkid told me to get 'WhatsApp' to talk to him. Was looking through and seems like a maze of apps in here. And then there's this 'Play Store' i have to use, dreading to think I might download something I shouldn't. Could you guide me, dear?",How do I download and install WhatsApp from the Google Play Store without accidentally downloading unnecessary or potentially harmful applications on my Android phone?
399,"My grandson deactivated something on my desktop computer, I think he said it was my 'Wify'? I can't get online anymore and need to read my emails. I tried clicking on that blue 'E', but it keeps saying it can't connect. Is it something with the cords maybe?",How to reactivate my Wi-Fi connection on a Windows desktop computer after it was disabled?
400,"I received a new Kindle as a present, but it keeps asking me for my Amazon passwords and I keep forgetting them. This is very confusing. What should I do?","How can I handle password issues on my new Kindle device, considering that I frequently forget my Amazon credentials?"
401,"I've got myself this new Lenovo tablet, the kids got it for me. Thing is, I wanted to install this gardening application my friend told me about. Now it's asking for my Google account details. But I can’t remember if I have one or how to log in if I do. Can you help me figure out if I have an account and how to log into it, if I do? ",How do I check if I have a Google account and how can I log into it on my new Lenovo tablet?
402,I've lately been getting this message on my computer that my storage is nearly full. My grandson told me about a cloud or something where I can keep some of my files? He also mentioned something about Google Photos for all my pictures? But I'm really not sure about all of this. Can you help me make sense of it?,1. How can I manage my computer's storage to prevent it from becoming full? 2. How do I use cloud storage for my files? 3. How do I use Google Photos to store my images?
403,"My grandson tells me I must have a Spotify Premium to listen to my favorite songs on my phone. Also, my daughter wants to listen to Spotify on her phone too, so we're wondering if we can share a single Spotify premium account. It's all Greek to me. How do you even get started with that?",How do I sign up for a Spotify Premium account and is it possible to share the same Spotify Premium account on multiple devices?
404,"I got my grandson’s old iPad and he helped me set it up. But I can't seem to figure out this Facetime thing. I try to push the button when I get a call, but it doesn't pick up. Or sometimes it picks up and I can't see the other person. I don't know! It'll probably be easier if I can just hit a button and it starts working, like my old telephone.",How do I correctly answer incoming calls on FaceTime on an iPad and ensure that I can see the other person's video feed?
405,"I signed up at this Facebook thing to keep up with my grandkids, bless their hearts. Now every time I so much as sneeze, I get this thing that pops up that's got all these people in it, saying how they're having a splendid day or something. And it doesn't 'disappear' like those other little messages. It kinda sits there, in my face. Even when I tap on that X, it keeps coming back. I'm guessing it's some sort of notification. Do you understand what I mean and could you help me turn it off, dear?",How do I disable persistent Facebook notifications that keep reappearing even after I close them on my device?
406,"My granddaughter set me up on this Facebook thing a few months back. I like catching up with old friends and seeing their holiday photos, but I've started getting some 'friend' requests from folks I don't know. Do you know how to, you know, stop these strangers from sending these requests?",How can I prevent strangers from sending me friend requests on Facebook?
407,"There's this new thing - Spotify, I believe they call it, that my grandchildren keep telling me about. I have a lot of old records I love listening to and they said I could find them all there! Now, setting it up is proving to be a whole different story. It's asking me for something called a 'username' and 'password'. I am struggling with some other stuff as well, like creating a playlist and all that. Can you help me out?","How do I set up a Spotify account, create a password, and make a playlist?"
408,My Skype's gone all blurry and I can't see my grandkids anymore. It's upsetting!,"How can I fix the video quality on Skype, as it has become blurry and I cannot see the person I am calling?"
409,"Just recently, my daughter got me a Kindle for my birthday. I've been trying to figure out how to get my favorite books on it. She's always talking about this thing called Amazon Prime, but I've no idea how to use it. Can I borrow books there without buying? Or do I need to buy every book I want to read? Also, how do I even get them onto the Kindle? I'm afraid of doing something wrong and messing up this nice gift.",How to borrow and download books from Amazon Prime to my new Kindle device?
410,I put my email account in the Outlook app on my phone. Now I don't know how to find my old emails.,How do I access and view past emails within the Outlook app on my mobile device?
411,I'm just trying to organize my emails better. It's becoming a real mess and I was told about these things called filters which should help. I don't want to lose any of my emails so can you tell me how to do it properly on my Gmail account? I use my iPad most of the time.,What is the procedure to create email filters on Gmail while accessing it through an iPad in order to better organize incoming emails?
413,I can't make the printer print my emails!,How can I print my emails using my connected printer?
414,"I've been trying to figure out this new tablet my granddaughter gave me. You know the Alexa one. It keeps asking for a password for this Wi-Fi network thing but I just can't recall it. I think it might be on a piece of paper somewhere in my study. My granddaughter said something about resetting the router, but I fear I might mess up more things. Can you help me out?",How do I retrieve or reset my Wi-Fi password to connect my Amazon Alexa tablet to the internet?
415,"I'm trying to send an email but it won't go through. Says something about SMTP, I think.",How can I resolve an SMTP error when trying to send an email?
416,"Oh dear, I was trying to talk to my grandson on Facebook, but it's not letting me make that video call. Not sure what’s going on.",How can I troubleshoot the video call feature in the Facebook Messenger app that's not working properly?
417,"I saved some important documents on this flash stick thing a while back but it isn't showing up on my computer now. But it's no use, they are probably lost for good, huh?","Why is my USB flash drive not recognized by my computer, and how can I recover the saved documents?"
418,"My grandson sent me a PDF, but my computer says it can't open it. I've clicked on it multiple times. Can you help?",How do I open a PDF file on a Windows computer that claims it cannot open the file type?
419,"I can't find where my emails are going, I just lost them after clicking. It's driving me up the wall, any clue?",Why are my emails disappearing after I click on them and how can I retrieve them in my email client?
420,"I cannot seem to find my photos anywhere since my granddaughter 'synced' my phone. Before this, I could find them all neatly in the Photos album. But now, I am told that all my images are stored 'in the cloud'. What is this 'cloud', and how do I access my pictures in it? Also, how do I save any new pictures I take straight into this cloud thing? Can you help, dear?",How do I access my photos that have been synced and stored on the cloud from my phone? How do I set my phone to automatically save any new photos I take directly to the cloud?
421,"My grandson got me this new smartphone and I've been enjoying it. But photos, they're all over the place! I've got some on my old phone, some on my computer, it's a regular mess. Now, this new phone, it's got a Google Photos app or something... Can I gather all my pictures there? Should I upload them manually or there's a simpler way?",How can I sync my old device and computer pictures with Google Photos on my new smartphone?
422,My camera is all fuzzy when I Skype. How can I get it to be clear so I can chat with my grandkids again?,How do I improve the video quality in Skype on my PC to fix a blurry camera issue?
423,"Umm, I want to send pictures to my granddaughter but that email thing is not working right.",How to fix the issue that's preventing me from sending pictures to my granddaughter through email?
424,"My emails, I think they are not going out. They seem to be stuck in the outbox of my Hotmail. Can you handle this?",What could be the reason my emails are not being sent from my Hotmail account and how can I solve it?
426,"I've got one of those iPads my grandson got me. It's nice and all but sometimes when I'm trying to watch my shows or maybe a movie, the screen just gets stuck. Then nothing works. Can't make it bigger or change the way it's facing, can’t even turn it off. It started after my grandson installed something. He called it an update, I think. I just want it to work like it is supposed to. What can I do?",Why does my iPad's screen freeze while watching videos and how can I resolve this problem? Could it possibly be related to a recent software update?
427,"You know, I don't really go on these computer-thingie often but my grandson did set up this Skype account for me to call my sister in another city. But last night, I was trying to do that video call, you know, and wouldn't you know it... The person... my sister, I mean... at the other end said they can't hear me, but I could hear them all loud and clear. Saw their video too. What did I do so wrong this time, huh?","Why is my microphone not working when I use Skype to make a video call, even though I can hear the other person and see their video without issue?"
428,"My printer keeps saying it's out of paper, even though there's plenty in there. I've tried pulling the tray out and putting it back in, but still the same thing keeps happening.",What could be causing my printer to continuously report being out of paper although it is properly loaded with paper?
429,"Now, I’ve got a question about my TV and my laptop. Ever since the grandkids visited, it's been different. They did something so they could watch their cartoons on the television from their computer. I'd like to do the same with my daily shows but I'm lost trying to replicate it. My laptop is an HP one, and the telly is Samsung, I think. Can you explain how I can do that… in simple terms?",How do I mirror or extend my HP laptop's display onto a Samsung TV?
430,"I received a text from the company saying I reached my data limit and that my internet will be slower now. Usually, I only use it for emails, reading news and a few video calls with my family. Why did this happen? Also, I heard there are ways to check how much data I've used, but I'm not sure how to do that.",How to monitor data usage on my phone and understand what may have caused an increase?
431,My grandson keeps talking about this thingy called 'WiFi signal strength'. I noticed that my computer gets slow sometimes. He told me once to check the symbol with the radio waves in the corner. I see it's full sometimes and other times just one or two lines are showing. Does this have anything to do with my computer being slow? How do I make it full all the time?,How is Wi-Fi signal strength associated with my computer's speed? How can I improve the Wi-Fi signal strength for a stable and faster internet connection?
432,"I'm always forgetting my log-ins. Every time when I want to use Gmail, it asks me for my ID and password. Hasn't there some technology for this to remember for me?",How do I set up my Google account to remember my username and password so I can automatically sign in when using Gmail?
433,My grandson was showing me something interesting on Youtube on my phone the other day. All the videos he watches seem to come up automatically on my phone now. I don't mind seeing a kitty video every now and then but I'd like to get back to my gardening and socks knitting tutorials. Can you help with that?,How can I change the recommendations on my YouTube mobile app away from my grandson's preferences and align them more with my interests such as gardening and knitting tutorials?
434,"I remember my grandson telling me about a way to, you know, talk and the phone will type for me. He was saying it's good for sending messages when I can't see so well. Can't recall exactly how to make it work though, could use some help.",How to use speech-to-text function for sending messages on my smartphone?
436,"Dear, I wanted to take a trip down to memory lane so I thought I'd look at my old photos. They are on my old laptop. Now, the thing is, this laptop hasn't been fired up in years. The other day, my grandson helped me turn it on but saying something about my PC running slow and needing some tweaks. I am not sure what he had in mind. Can you guide me through this tech jungle? I am only interested to see my old pictures, not learning any tech mumbo jumbo!",How can I speed up my old PC which hasn't been used for years so that I can view my old photos stored on it?
437,"You know, my grandson installed this Spotify thing on my computer and he showed me how to use it. It was all well and good until yesterday. Now, I can't seem to find my favorite songs list. I remember he said something about a playlist but I can't find it anymore. How do I get my songs back?",How can I find my saved playlist on Spotify desktop application?
438,"Eh, I tried to open my email but I keep getting a thing that tells me it's not syncing. What do I do?",How can I resolve an issue where my email account is not synchronizing properly on my device?
439,"Earlier, I was sorting my photos on my computer and I accidentally did something wrong. I think I've lost them all. Not sure what to do now.",How can I recover deleted photos from my computer after accidentally deleting them?
440,I can't seem to be able to transfer or copy my photos from my phone to my computer. I plugged it into my computer and nothing happens. Does this thing need some sort of special software to work?,"How can I transfer photos from my Android phone to my PC, since simply connecting the devices with a USB cable does not seem to prompt any transfer options?"
441,I've been trying to figure out how to increase the volume on my Samsung smart TV. My hearing isn't what it used to be and having it louder would help,How do I increase the volume settings on a Samsung Smart TV?
442,"My grandson told me about this streaming service, Netflix was the name. He said I can watch all my old shows on there, plus some new ones too. I want to try it. Can you guide me on how to get it done? I've got this iPad here and all, got to make some use of it, ain't it?",How do I install and set up Netflix on my iPad to watch TV Shows?
443,"I've been having a hard time lately trying to send documents from my computer to my phone. It used to be a breeze, but now I'm not sure what they've changed. I thought I needed to use this Drop...Box? Or something along those lines. Can you help me figure this out?",How do I use Dropbox to transfer files from my computer to my smartphone?
444,"My friend shared some vacation photos on this Facebook thing and told me to take a look. I have Facebook on this new tablet, but I just cannot seem to find them anywhere. Tried looking up and down, but no luck. Also, it often asks for a password, which I tend to forget. Can you show me how?",1. How do I locate and view photos shared with me on Facebook using a tablet? 2. How can I manage and recover a forgotten Facebook password?
445,"Now, I've been trying to take some calls on my new watch because it's more convenient when I'm out gardening. But for the life of me, I can't seem to figure out how to do it. Every time I tap it, nothing happens. And don't even get me started on this message function. I keep touching the wrong letters! Any advice on how to manage these problems?",1. How do I answer calls on my smartwatch? 2. How can I improve my accuracy when typing on the smartwatch's tiny keyboard?
446,"I got a new desktop computer recently, and my grandkids set up this Skype thing for me. Last week though, they went back to school and I've been struggling to understand how to make a video call. Can you guide me through this, please? Also, there's a buzzing sound that comes on every time I switch the computer on. It's quite bothersome.",1. How to make a video call using Skype on a desktop? 2. Potential causes and solutions for a buzzing sound in a new desktop computer?
447,"Well, my grandson sent me this tablet thing, an iPad, if I'm not wrong. And he told me I need to update the software to keep it running smoothly. He did tell me how to do it once, but I can't seem to remember. Also, I'm worried I might accidentally delete something important. Can you give me a step-by-step to update my iPad?",How can I update the iOS software on my iPad without losing any important data?
448,I received an email saying my laptop has a virus. I am now scared to use it. What should I do?,How should I handle a potential virus threat that was identified in a recent email notification on my laptop?
449,"My granddaughter got ahold of my computer the other day... I tell ya, those little fingers move quickly! Now the screen on my computer is turned sideways and I don't know how to fix it. Everything is just so darn sideways! I can turn my head, but that's not really a solution now, is it? Do you know how I can fix it?",How do I correct the orientation of my computer screen after it has been mistakenly rotated to display sideways?
450,I recently purchased a Smart TV and they told it has YouTube. But I don't know how to use it. Also can't get Netflix or Amazon Prime on it. Can you guide me on how to set this up?,"How to set up and use YouTube, Netflix, and Amazon Prime on a new Smart TV?"
451,"I've been trying to use this Skype thing to video chat with my granddaughter, but it just seems so confusing!",How to efficiently operate a video call with a contact on Skype?
452,My grandson recently set up this new smart tv for me and it's been great. But I've been having trouble with my netflix account on it. I keep trying to watch my favorite show but it's saying something about an error and dns server. Not sure what the fuss is about. Can you help?,How do I troubleshoot a DNS server error on my Netflix app for my smart TV?
453,My grandson showed me how to put my recipes on the computer but now I can't see them no more...,How can I regain access to my saved recipes in a digital format on my computer?
454,"Hey, something's off. I tried calling my grandson on my new Skype, he didn't answer and now it's showing me some weird message?",How do I interpret a specific error message on Skype after an unsuccessful call attempt?
455,"My grandkids got me into this whole Facebook thing. But I find it hard seeing some posts, the text is too small for me. They told me there is a way I could enlarge the text but I'm afraid I might mess things up. So could you please walk me through?",How do I increase the font size of the text displayed on Facebook for a better reading experience?
456,"I have a new tablet from my granddaughter. I don’t know what she did but every time I turn it on, it needs a 4 digit pin. I just want to remove it because I keep forgetting it which is frustrating. Can you help me remove it?",How can I remove or disable the 4-digit pin lock from my new tablet device?
458,My grandkid installed this Netflix thing on my television. But I can't for the life of me understand how am I supposed to watch my favorite shows on it. I need to find some specific series but it's all so confusing. Do I need to use the remote for this or is there another way? Can't wrap my head around it. Would you kindly guide me?,How do I use Netflix to search for and watch specific television series using my TV remote?
459,"I've been having some trouble, you see, with this little doohickey... the wireless mouse, that's what you call it. It just doesn't want to do its job anymore. Changed the batteries and all, but no luck!",Why is my wireless mouse not working despite changing the batteries?
460,"You know, my kids keep talking about Zoom and I have no idea where I can get that, it's baffling",How do I download and install the Zoom application for video conferencing?
461,I'm trying to send photos through my email but they're way too big! Can you believe that? Can't get my head around it.,Why can't I email my photos due to their large size and how can I resize them for email?
462,"I'm having trouble with this Skype thingy. My niece keeps calling me but I don't know how to answer. I can see her, though!",How do I answer incoming calls on Skype on a Windows computer?
463,"I use this Skype to call my grandson but it's always so quiet, I can hardly hear him!",How can the volume be adjusted on Skype to enhance the audibility during a call?
464,"I just got this newfangled Amazon Echo thing, but I can't seem to figure out how to make it play my favorite tunes. And I can't find the instructions anywhere!",How do I set up and use my Amazon Echo to play music?
466,"When I get emails on my phone they’re so darn small,I can't read them. Is there a way to make the words bigger or something?",How can I adjust the text size for emails on my Android smartphone to enhance readability?
467,This Facebook thing is a real pain. My son's wedding photos have disappeared and I can't seem to find them anymore...help me!,How can I retrieve lost photos shared on my Facebook account?
468,"Hello there, I was trying to read my e-book on my Kindle but this message comes up saying 'low battery' and then it just shuts off!",How can I troubleshoot my Kindle device when it displays a 'low battery' message and shuts down while I'm reading?
469,"I was trying to Skype my granddaughter, but all I can see is my own face! What's up with that?",How do I make a call through Skype without it going straight to the Selfie mode?
470,"So, I was trying to print off one of my favorite recipes the other night, right. And I keep clicking on the print button... and nothing, it doesn't even make any sound. It worked just fine last week but now I'm in a pickle. Swapped out those ink cartridges like how my son showed me, but nope, still no printing. Got any suggestions?","Why isn't my printer responding when I click the print button, despite recently replacing the ink cartridges? How can I troubleshoot this?"
471,"Hey, I was trying to video chat with my granddaughter on that Skype thing, but I couldn't see her. Only her voice I could hear.","How to troubleshoot not receiving video while on a Skype call, although the audio is functioning?"
472,"Hello, my grandson says I could send emails using this Gmail thing, but I can't figure out how to write a new mail.",How to compose and send a new email using the Gmail application?
473,"I'm just trying to call my son through Skype but I can't see him, how does this work?",How to make a video call instead of an audio call using Skype?
474,I tried to send a photo through my gmail but I can't find the attachment button anymore,How can I attach a photo in an email using Gmail when I can't locate the attachment button?
475,"I've got this new 'Pad' something, I think they call it an iPad mini. My grandson was trying to show me how to call his mother using this 'Face- time' thing. Now, he's back at school and I've been trying to do the same but I'm not sure which buttons to press. I click on the app and I don't know what comes next. Can you guide me on how to go through this Face- time thing from start to end?",How do I start and conduct a FaceTime call on my iPad Mini?
476,I can't get that video call thing on WhatsApp working. It just says 'calling' but nothing happens.,"Why isn't the video call feature on WhatsApp connecting, even though it only shows 'calling', and how can I fix this issue?"
477,"Hey, I took some new photos but they're not showing in my gallery. What's wrong?",How to fix the issue where newly captured photos are not appearing in the photo gallery on my smartphone?
478,"I seemed to have misplaced some family photos on my computer. There's an empty folder, where did they go just like that?",How can I recover lost or deleted files from my Windows 10 computer?
479,"My grandson sent me some pictures in an email and I can't seem to find them. The photo button is just not working, I don’t understand why. It's Outlook if that helps or makes a difference",Why I am unable to view or download the photo attachments in an email using the Outlook application on my device?
480,I have a few apps on my iPad that I cannot get to stop ‘beeping’ with notifications and it’s slowly driving me to my wit's end. My grandson showed me how to change the things with the 'settings icon' but it's all Greek to me. I did manage to find where it says ‘notifications’ but then it lists all these apps and I just don’t know what I’m looking at. I don’t want to mess anything up or lose anything important. Can you help me?,How do I adjust or turn off app notifications on my iPad without risk of losing vital app functionality or data?
481,I can't seem to figure out how to send an email from this iPad thing.,How to send an email using the Mail app on an iPad?
482,I was playing around with my photos and somehow I ended up making duplicates of everything. I don't know what I did. Now I've got too many pictures and it's a mess! Can you tell me how to stop this from happening?,"How can I prevent accidental duplication of photos on my device, and possibly remove the existing duplicates to clean up my photo library?"
483,I was trying to watch my grandson on YouTube but his video isn't playing!,"How can I play a specific video on YouTube, that currently won't start?"
484,"Every once in a while I hear my grandson talking about this thing called 'instagram'. I remembered him showing me some pictures on there. Now, I feel curious to explore it. I have a smartphone that I use for calls and WhatsApp. Could you please guide me how to get this 'instagram' on my phone and how to create an account?",How to download and install Instagram on a smartphone and create a new account?
485,"I think I downloaded some photos from my camera to my computer, but I just can't find them anywhere. Where could they be?",How do I find photos that were transferred from a camera to a Windows computer?
487,"My granddaughter sent me a new tablet. It's a 'Samsung Tab', or something of the sorts. I am looking to fiddle around with it,but I can't bypass the starting screen. It's asking me for some sort of 'google account?' I think? Sorry, but I am not good at these new age gizmos, I'd really appreciate if you could guide me through it.",How can I set up my new Samsung Tab when it's asking for a Google account during the initial setup phase?
488,"Hey, I was trying to check my email but everything's wrong. I can't make head nor tail of the screen. It worked well yesterday.",How can I troubleshoot my email application which is not displaying correctly despite having worked fine yesterday?
489,"Hey, I've been trying to FaceTime my grandkids, but every time I do, it just doesn't work!",How to troubleshoot issues with FaceTime not connecting on my device?
490,"I tell you, my son bought me this shiny new Smart TV and it's got YouTube and everything on it. Now, I want to access my shows from the TV which I recorded from my old DVR, but I just don’t know how. Is there something I’m supposed to be doing?",How can I watch the shows I recorded on my old DVR on my new Smart TV?
491,"I'm trying to send an email but it keeps saying it can't. It's to my grandchild, you know.",How to resolve the issue with the email system that gives an error message when attempting to send an email?
492,I remembered my password and logged into my email. But all my old messages are nowhere to be found. They used to be here on this computer. What happened?,Why are my previously received emails not appearing in my email account after successfully logging in on my computer?
493,"My emails are not sending. It seems to be jammed somehow. I already restarted my computer, checked my internet and everything. Still nothing!",Why can't I send emails from my Outlook account despite having a stable internet connection and restarting my computer?
494,The Facebook on my phone is frozen and it won't let me like any posts. I tried closing it down and starting it up again but no luck. What's going on?,Why is the Facebook app on my iPhone not responding to actions such as liking posts even after restarting the app?
495,"A puzzling thing has happened, you see. Now, when I go onto that Facebook site, all has changed and I'm not sure where my messages have gone. Used to be they were at the top, but now... And how do you put those moving pictures on comments? My grandson does it all the time, but I can't seem to figure it out. Oh, and that marketplace thingy I used to buy a beautiful crocheted blanket on, how can I find it again?","How can I locate my messages on the new layout of Facebook, embed GIFs in Facebook comments, and access the Marketplace feature?"
496,"It's those photos and the grandchildren, you see. Sent all the way from that 'Cloud'. I can see them on my tablet here, but not on the computer that I use in the study room. Why can't I see them on both and what can I do to get them to show up on the computer too?",Why can't I access and view my iCloud photos on both my tablet and computer? How can I sync iCloud photos so they are available on all my devices?
497,My emails won't show up. All I get is a spinning circle.,What should I do if my emails are not loading and I only see a loading symbol?
498,"My grandson gave me this tablet thing, he said it’s a kindle, something about reading books on it but I don’t see anything like that on here, just a lot of games and things that don’t make a lot of sense to me. He set an account for me, it's an Amazon account but I still don't see where the books are. How do I get to those books, and can I get these games off here? I never was much for games.",How do I access books on my Kindle tablet using the Amazon account that was set up for me? Is it also possible to remove the games from the device as I don't have a use for them?
499,My email thing says it's full - how do I throw out the unwanted ones?,How can I delete unwanted emails from my inbox to free up space?
500,I received some sort of dongle to watch my programs from laptop on my TV. I don't really get how it's working. Could you guide me?,How do I set up and use a chromecast to stream content from my laptop to my television?
501,Why can't I see my son's new pictures on the Facebook?,How to view recent photos added by a specific friend on Facebook?
502,I simply cannot figure it out for the life of me. How this blasted cell phone can tell me where I am! Or where I am going for that matter...the GPS thing.,How do I use the GPS location services on my Android smartphone?
503,I was trying to get pictures from my camera onto this new computer and nothings happening. It's like the computer doesn't even know the camera is connected. Maybe I'm not doing it right?,How do I transfer photos from my digital camera to my new computer when the computer doesn't seem to be recognizing the camera when it's connected?
504,"Hey, my photos aren't going through my message. I just see a circle that keeps going around.","How to troubleshoot an issue where images do not get sent through an iPhone's iMessage, and only a loading circle appears?"
505,"I was on the phone with my granddaughter the other day and she mentioned something about a 'privacy setting' on Facebook. Said I should really make sure it's on or else people I don't know can see my pictures. Now, I don't want any stranger peeking in. Could you tell me where can I find this 'privacy setting'?",How can I adjust my privacy settings on Facebook to prevent people I'm not connected with from seeing my photos?
506,"I used to keep my photos on the Google, now I can't find them. What do I do?",How can I locate my photos stored in Google Photos that seem to be missing?
507,"I've been trying to do a word document, you know just writing some stuff. But then I think I must have hit a button or something because the page just flipped to the side and now my text is running from top to bottom, not left to right like it's supposed to be. I did some clicking here and there but I just can’t get it back to the normal way. Do you know how to flip that page around again?",How can I change the orientation of my text in a Microsoft Word document from vertical (top to bottom) to horizontal (left to right)?
508,"I've been trying to video call my granddaughter on Skype, but it just gives me a blank screen every time. She said I need to enable my webcam or something. I've got a pretty old laptop, so I'm not even sure if I have a webcam. Can you help me figure this out, dear?",How do I enable the webcam for Skype on an older model laptop?
509,I can't seem to figure out how to get this darn Facebook thing to stop binging every time someone does something. It's driving me up the wall!,How can I disable notifications in the Facebook app on my Android device to stop the sound each time there is a new activity?
510,My grandson sent me this video on my email and I want to watch it on my big TV. He told me something about 'casting' it but I'm not sure what he means or how to do it. Is this something that you can help me with?,How can I cast a video from my email to my smart TV?
511,"I was trying to chat with my granddaughter on WhatsApp, but my message isn't going. We're both getting a little frustrated.",How can I resolve the issue of my messages not being sent on WhatsApp?
512,Is there a way to tell my Alexa to remind me about my medications?,How to set a medication reminder using Amazon Alexa?
513,"Hello there, I've been trying to create a Microsoft account but something always goes wrong and it doesn't work.","How do I successfully create a new account on Microsoft, considering that I've encountered error messages during previous attempts?"